{
  "relationships_blocked_users": [
    {
      "title": "isabellagorczowski",
      "string_list_data": [
        {
          "href": "https://www.instagram.com/_u/isabellagorczowski",
          "timestamp": 1740010651
        }
      ]
    },
    {
      "title": "masonrayparker",
      "string_list_data": [
        {
          "href": "https://www.instagram.com/_u/masonrayparker",
          "timestamp": 1722402335
        }
      ]
    },
    {
      "title": "gracemichalowski",
      "string_list_data": [
        {
          "href": "https://www.instagram.com/_u/gracemichalowski",
          "timestamp": 1718373342
        }
      ]
    },
    {
      "title": "alaskael5",
      "string_list_data": [
        {
          "href": "https://www.instagram.com/_u/alaskael5",
          "timestamp": 1657923482
        }
      ]
    },
    {
      "title": "flashboy_007",
      "string_list_data": [
        {
          "href": "https://www.instagram.com/_u/flashboy_007",
          "timestamp": 1647268609
        }
      ]
    },
    {
      "title": "angelaperi_",
      "string_list_data": [
        {
          "href": "https://www.instagram.com/_u/angelaperi_",
          "timestamp": 1645393332
        }
      ]
    },
    {
      "title": "mylobyrd",
      "string_list_data": [
        {
          "href": "https://www.instagram.com/_u/mylobyrd",
          "timestamp": 1642798787
        }
      ]
    },
    {
      "title": "techacks__",
      "string_list_data": [
        {
          "href": "https://www.instagram.com/_u/techacks__",
          "timestamp": 1637770472
        }
      ]
    },
    {
      "title": "taliaapearl",
      "string_list_data": [
        {
          "href": "https://www.instagram.com/_u/taliaapearl",
          "timestamp": 1631149577
        }
      ]
    },
    {
      "title": "_sar17a_",
      "string_list_data": [
        {
          "href": "https://www.instagram.com/_u/_sar17a_",
          "timestamp": 1613586396
        }
      ]
    },
    {
      "title": "nshsnooosnsnns",
      "string_list_data": [
        {
          "href": "https://www.instagram.com/_u/nshsnooosnsnns",
          "timestamp": 1603334898
        }
      ]
    },
    {
      "title": "newtown.south.high.teapage",
      "string_list_data": [
        {
          "href": "https://www.instagram.com/_u/newtown.south.high.teapage",
          "timestamp": 1603128828
        }
      ]
    },
    {
      "title": "rheabasilemas",
      "string_list_data": [
        {
          "href": "https://www.instagram.com/_u/rheabasilemas",
          "timestamp": 1568669260
        }
      ]
    },
    {
      "title": "nicolebarnes88",
      "string_list_data": [
        {
          "href": "https://www.instagram.com/_u/nicolebarnes88",
          "timestamp": 1559185525
        }
      ]
    },
    {
      "title": "a_massoff_0",
      "string_list_data": [
        {
          "href": "https://www.instagram.com/_u/a_massoff_0",
          "timestamp": 1558817136
        }
      ]
    },
    {
      "title": "striped",
      "string_list_data": [
        {
          "href": "https://www.instagram.com/_u/striped",
          "timestamp": 1556713349
        }
      ]
    }
  ]
}