{
  "relationships_close_friends": [
    {
      "title": "",
      "media_list_data": [
        
      ],
      "string_list_data": [
        {
          "href": "https://www.instagram.com/inmanjo2021",
          "value": "inmanjo2021",
          "timestamp": 1741827073
        }
      ]
    },
    {
      "title": "",
      "media_list_data": [
        
      ],
      "string_list_data": [
        {
          "href": "https://www.instagram.com/mac.busby",
          "value": "mac.busby",
          "timestamp": 1741827071
        }
      ]
    },
    {
      "title": "",
      "media_list_data": [
        
      ],
      "string_list_data": [
        {
          "href": "https://www.instagram.com/sofiaaalago",
          "value": "sofiaaalago",
          "timestamp": 1741827070
        }
      ]
    },
    {
      "title": "",
      "media_list_data": [
        
      ],
      "string_list_data": [
        {
          "href": "https://www.instagram.com/lalolujan12",
          "value": "lalolujan12",
          "timestamp": 1727664307
        }
      ]
    },
    {
      "title": "",
      "media_list_data": [
        
      ],
      "string_list_data": [
        {
          "href": "https://www.instagram.com/matteocalalang",
          "value": "matteocalalang",
          "timestamp": 1727664306
        }
      ]
    },
    {
      "title": "",
      "media_list_data": [
        
      ],
      "string_list_data": [
        {
          "href": "https://www.instagram.com/calderfritz",
          "value": "calderfritz",
          "timestamp": 1727664303
        }
      ]
    },
    {
      "title": "",
      "media_list_data": [
        
      ],
      "string_list_data": [
        {
          "href": "https://www.instagram.com/will_fang23",
          "value": "will_fang23",
          "timestamp": 1727664300
        }
      ]
    },
    {
      "title": "",
      "media_list_data": [
        
      ],
      "string_list_data": [
        {
          "href": "https://www.instagram.com/wooduffy_",
          "value": "wooduffy_",
          "timestamp": 1717283609
        }
      ]
    },
    {
      "title": "",
      "media_list_data": [
        
      ],
      "string_list_data": [
        {
          "href": "https://www.instagram.com/tomas.foxley",
          "value": "tomas.foxley",
          "timestamp": 1717283609
        }
      ]
    },
    {
      "title": "",
      "media_list_data": [
        
      ],
      "string_list_data": [
        {
          "href": "https://www.instagram.com/james.chen24",
          "value": "james.chen24",
          "timestamp": 1702176211
        }
      ]
    },
    {
      "title": "",
      "media_list_data": [
        
      ],
      "string_list_data": [
        {
          "href": "https://www.instagram.com/_joesavell_",
          "value": "_joesavell_",
          "timestamp": 1702176209
        }
      ]
    },
    {
      "title": "",
      "media_list_data": [
        
      ],
      "string_list_data": [
        {
          "href": "https://www.instagram.com/seanmcfadden_",
          "value": "seanmcfadden_",
          "timestamp": 1702176207
        }
      ]
    },
    {
      "title": "",
      "media_list_data": [
        
      ],
      "string_list_data": [
        {
          "href": "https://www.instagram.com/notorious_kmac",
          "value": "notorious_kmac",
          "timestamp": 1702176206
        }
      ]
    },
    {
      "title": "",
      "media_list_data": [
        
      ],
      "string_list_data": [
        {
          "href": "https://www.instagram.com/joshuajackson.04",
          "value": "joshuajackson.04",
          "timestamp": 1696374015
        }
      ]
    },
    {
      "title": "",
      "media_list_data": [
        
      ],
      "string_list_data": [
        {
          "href": "https://www.instagram.com/tyler.forg",
          "value": "tyler.forg",
          "timestamp": 1696374014
        }
      ]
    },
    {
      "title": "",
      "media_list_data": [
        
      ],
      "string_list_data": [
        {
          "href": "https://www.instagram.com/ben_brodney",
          "value": "ben_brodney",
          "timestamp": 1696374009
        }
      ]
    },
    {
      "title": "",
      "media_list_data": [
        
      ],
      "string_list_data": [
        {
          "href": "https://www.instagram.com/lukezaslow",
          "value": "lukezaslow",
          "timestamp": 1696373996
        }
      ]
    },
    {
      "title": "",
      "media_list_data": [
        
      ],
      "string_list_data": [
        {
          "href": "https://www.instagram.com/rahildundon",
          "value": "rahildundon",
          "timestamp": 1696373990
        }
      ]
    },
    {
      "title": "",
      "media_list_data": [
        
      ],
      "string_list_data": [
        {
          "href": "https://www.instagram.com/sylviemspitz",
          "value": "sylviemspitz",
          "timestamp": 1696373983
        }
      ]
    },
    {
      "title": "",
      "media_list_data": [
        
      ],
      "string_list_data": [
        {
          "href": "https://www.instagram.com/justinleafy",
          "value": "justinleafy",
          "timestamp": 1696373952
        }
      ]
    },
    {
      "title": "",
      "media_list_data": [
        
      ],
      "string_list_data": [
        {
          "href": "https://www.instagram.com/dan.o.co",
          "value": "dan.o.co",
          "timestamp": 1696373948
        }
      ]
    },
    {
      "title": "",
      "media_list_data": [
        
      ],
      "string_list_data": [
        {
          "href": "https://www.instagram.com/alberteastrom",
          "value": "alberteastrom",
          "timestamp": 1696373947
        }
      ]
    },
    {
      "title": "",
      "media_list_data": [
        
      ],
      "string_list_data": [
        {
          "href": "https://www.instagram.com/gabe_xu",
          "value": "gabe_xu",
          "timestamp": 1696373939
        }
      ]
    },
    {
      "title": "",
      "media_list_data": [
        
      ],
      "string_list_data": [
        {
          "href": "https://www.instagram.com/adelespitz",
          "value": "adelespitz",
          "timestamp": 1696373938
        }
      ]
    },
    {
      "title": "",
      "media_list_data": [
        
      ],
      "string_list_data": [
        {
          "href": "https://www.instagram.com/kasra_varasteh",
          "value": "kasra_varasteh",
          "timestamp": 1696373935
        }
      ]
    },
    {
      "title": "",
      "media_list_data": [
        
      ],
      "string_list_data": [
        {
          "href": "https://www.instagram.com/mahbod_mirafzali",
          "value": "mahbod_mirafzali",
          "timestamp": 1696373935
        }
      ]
    },
    {
      "title": "",
      "media_list_data": [
        
      ],
      "string_list_data": [
        {
          "href": "https://www.instagram.com/dannyboy.sullivan",
          "value": "dannyboy.sullivan",
          "timestamp": 1696373931
        }
      ]
    },
    {
      "title": "",
      "media_list_data": [
        
      ],
      "string_list_data": [
        {
          "href": "https://www.instagram.com/tigranb2",
          "value": "tigranb2",
          "timestamp": 1696373930
        }
      ]
    }
  ]
}