{
  "relationships_follow_requests_received": [
    {
      "title": "",
      "media_list_data": [
        
      ],
      "string_list_data": [
        {
          "href": "https://www.instagram.com/moncherielune",
          "value": "moncherielune",
          "timestamp": 1743340815
        }
      ]
    },
    {
      "title": "",
      "media_list_data": [
        
      ],
      "string_list_data": [
        {
          "href": "https://www.instagram.com/brnkhong",
          "value": "brnkhong",
          "timestamp": 1743277396
        }
      ]
    },
    {
      "title": "",
      "media_list_data": [
        
      ],
      "string_list_data": [
        {
          "href": "https://www.instagram.com/donaldoandrd",
          "value": "donaldoandrd",
          "timestamp": 1742578905
        }
      ]
    },
    {
      "title": "",
      "media_list_data": [
        
      ],
      "string_list_data": [
        {
          "href": "https://www.instagram.com/_marshallzkelly",
          "value": "_marshallzkelly",
          "timestamp": 1742169313
        }
      ]
    },
    {
      "title": "",
      "media_list_data": [
        
      ],
      "string_list_data": [
        {
          "href": "https://www.instagram.com/meadow.patterson",
          "value": "meadow.patterson",
          "timestamp": 1742061238
        }
      ]
    },
    {
      "title": "",
      "media_list_data": [
        
      ],
      "string_list_data": [
        {
          "href": "https://www.instagram.com/farrellheidyyy",
          "value": "farrellheidyyy",
          "timestamp": 1741975048
        }
      ]
    },
    {
      "title": "",
      "media_list_data": [
        
      ],
      "string_list_data": [
        {
          "href": "https://www.instagram.com/haydenjubie",
          "value": "haydenjubie",
          "timestamp": 1740672225
        }
      ]
    },
    {
      "title": "",
      "media_list_data": [
        
      ],
      "string_list_data": [
        {
          "href": "https://www.instagram.com/ahinhong",
          "value": "ahinhong",
          "timestamp": 1740597001
        }
      ]
    },
    {
      "title": "",
      "media_list_data": [
        
      ],
      "string_list_data": [
        {
          "href": "https://www.instagram.com/samuel.kabagambe_",
          "value": "samuel.kabagambe_",
          "timestamp": 1740334620
        }
      ]
    },
    {
      "title": "",
      "media_list_data": [
        
      ],
      "string_list_data": [
        {
          "href": "https://www.instagram.com/ihvozd",
          "value": "ihvozd",
          "timestamp": 1740312039
        }
      ]
    },
    {
      "title": "",
      "media_list_data": [
        
      ],
      "string_list_data": [
        {
          "href": "https://www.instagram.com/lilyanalinnit",
          "value": "lilyanalinnit",
          "timestamp": 1740193466
        }
      ]
    },
    {
      "title": "",
      "media_list_data": [
        
      ],
      "string_list_data": [
        {
          "href": "https://www.instagram.com/strive.nil",
          "value": "strive.nil",
          "timestamp": 1739916622
        }
      ]
    },
    {
      "title": "",
      "media_list_data": [
        
      ],
      "string_list_data": [
        {
          "href": "https://www.instagram.com/vaibav_24",
          "value": "vaibav_24",
          "timestamp": 1736922882
        }
      ]
    },
    {
      "title": "",
      "media_list_data": [
        
      ],
      "string_list_data": [
        {
          "href": "https://www.instagram.com/omeednajafi",
          "value": "omeednajafi",
          "timestamp": 1729735435
        }
      ]
    },
    {
      "title": "",
      "media_list_data": [
        
      ],
      "string_list_data": [
        {
          "href": "https://www.instagram.com/nelyaaa.13000",
          "value": "nelyaaa.13000",
          "timestamp": 1701625599
        }
      ]
    }
  ]
}