{
  "relationships_follow_requests_sent": [
    {
      "title": "",
      "media_list_data": [
        
      ],
      "string_list_data": [
        {
          "href": "https://www.instagram.com/gracefdavis",
          "value": "gracefdavis",
          "timestamp": 1741570660
        }
      ]
    },
    {
      "title": "",
      "media_list_data": [
        
      ],
      "string_list_data": [
        {
          "href": "https://www.instagram.com/owenlapierre_",
          "value": "owenlapierre_",
          "timestamp": 1740011009
        }
      ]
    },
    {
      "title": "",
      "media_list_data": [
        
      ],
      "string_list_data": [
        {
          "href": "https://www.instagram.com/abby.cmatthews",
          "value": "abby.cmatthews",
          "timestamp": 1739938569
        }
      ]
    },
    {
      "title": "",
      "media_list_data": [
        
      ],
      "string_list_data": [
        {
          "href": "https://www.instagram.com/zachaatlas",
          "value": "zachaatlas",
          "timestamp": 1739938534
        }
      ]
    },
    {
      "title": "",
      "media_list_data": [
        
      ],
      "string_list_data": [
        {
          "href": "https://www.instagram.com/isabellagblanco",
          "value": "isabellagblanco",
          "timestamp": 1739938484
        }
      ]
    },
    {
      "title": "",
      "media_list_data": [
        
      ],
      "string_list_data": [
        {
          "href": "https://www.instagram.com/ryan.oconnor27",
          "value": "ryan.oconnor27",
          "timestamp": 1739938399
        }
      ]
    },
    {
      "title": "",
      "media_list_data": [
        
      ],
      "string_list_data": [
        {
          "href": "https://www.instagram.com/kaelaheinstein",
          "value": "kaelaheinstein",
          "timestamp": 1739938072
        }
      ]
    },
    {
      "title": "",
      "media_list_data": [
        
      ],
      "string_list_data": [
        {
          "href": "https://www.instagram.com/lilyyjsmith",
          "value": "lilyyjsmith",
          "timestamp": 1739938067
        }
      ]
    },
    {
      "title": "",
      "media_list_data": [
        
      ],
      "string_list_data": [
        {
          "href": "https://www.instagram.com/isammarquez_",
          "value": "isammarquez_",
          "timestamp": 1739938033
        }
      ]
    },
    {
      "title": "",
      "media_list_data": [
        
      ],
      "string_list_data": [
        {
          "href": "https://www.instagram.com/janehamiltonnn",
          "value": "janehamiltonnn",
          "timestamp": 1739937959
        }
      ]
    },
    {
      "title": "",
      "media_list_data": [
        
      ],
      "string_list_data": [
        {
          "href": "https://www.instagram.com/clay.malott",
          "value": "clay.malott",
          "timestamp": 1739937898
        }
      ]
    },
    {
      "title": "",
      "media_list_data": [
        
      ],
      "string_list_data": [
        {
          "href": "https://www.instagram.com/noarichard._",
          "value": "noarichard._",
          "timestamp": 1739937812
        }
      ]
    },
    {
      "title": "",
      "media_list_data": [
        
      ],
      "string_list_data": [
        {
          "href": "https://www.instagram.com/ellaszymanski",
          "value": "ellaszymanski",
          "timestamp": 1739937801
        }
      ]
    },
    {
      "title": "",
      "media_list_data": [
        
      ],
      "string_list_data": [
        {
          "href": "https://www.instagram.com/izzybonham",
          "value": "izzybonham",
          "timestamp": 1739937758
        }
      ]
    },
    {
      "title": "",
      "media_list_data": [
        
      ],
      "string_list_data": [
        {
          "href": "https://www.instagram.com/drew_serven",
          "value": "drew_serven",
          "timestamp": 1734448818
        }
      ]
    },
    {
      "title": "",
      "media_list_data": [
        
      ],
      "string_list_data": [
        {
          "href": "https://www.instagram.com/lindsayelizabeth.22",
          "value": "lindsayelizabeth.22",
          "timestamp": 1731894125
        }
      ]
    },
    {
      "title": "",
      "media_list_data": [
        
      ],
      "string_list_data": [
        {
          "href": "https://www.instagram.com/galen.carter_",
          "value": "galen.carter_",
          "timestamp": 1728878717
        }
      ]
    }
  ]
}