{
  "relationships_feed_favorites": [
    {
      "title": "",
      "media_list_data": [
        
      ],
      "string_list_data": [
        {
          "href": "https://www.instagram.com/lalolujan12",
          "value": "lalolujan12",
          "timestamp": 1731988331
        }
      ]
    },
    {
      "title": "",
      "media_list_data": [
        
      ],
      "string_list_data": [
        {
          "href": "https://www.instagram.com/dylankeusch",
          "value": "dylankeusch",
          "timestamp": 1731988331
        }
      ]
    },
    {
      "title": "",
      "media_list_data": [
        
      ],
      "string_list_data": [
        {
          "href": "https://www.instagram.com/ben_brodney",
          "value": "ben_brodney",
          "timestamp": 1731988329
        }
      ]
    },
    {
      "title": "",
      "media_list_data": [
        
      ],
      "string_list_data": [
        {
          "href": "https://www.instagram.com/notorious_kmac",
          "value": "notorious_kmac",
          "timestamp": 1731988328
        }
      ]
    },
    {
      "title": "",
      "media_list_data": [
        
      ],
      "string_list_data": [
        {
          "href": "https://www.instagram.com/conradsui",
          "value": "conradsui",
          "timestamp": 1731988327
        }
      ]
    },
    {
      "title": "",
      "media_list_data": [
        
      ],
      "string_list_data": [
        {
          "href": "https://www.instagram.com/james.chen24",
          "value": "james.chen24",
          "timestamp": 1731988327
        }
      ]
    },
    {
      "title": "",
      "media_list_data": [
        
      ],
      "string_list_data": [
        {
          "href": "https://www.instagram.com/dan.o.co",
          "value": "dan.o.co",
          "timestamp": 1731988326
        }
      ]
    },
    {
      "title": "",
      "media_list_data": [
        
      ],
      "string_list_data": [
        {
          "href": "https://www.instagram.com/lukezaslow",
          "value": "lukezaslow",
          "timestamp": 1731988324
        }
      ]
    },
    {
      "title": "",
      "media_list_data": [
        
      ],
      "string_list_data": [
        {
          "href": "https://www.instagram.com/_joesavell_",
          "value": "_joesavell_",
          "timestamp": 1731988324
        }
      ]
    },
    {
      "title": "",
      "media_list_data": [
        
      ],
      "string_list_data": [
        {
          "href": "https://www.instagram.com/rahildundon",
          "value": "rahildundon",
          "timestamp": 1731988323
        }
      ]
    },
    {
      "title": "",
      "media_list_data": [
        
      ],
      "string_list_data": [
        {
          "href": "https://www.instagram.com/wooduffy_",
          "value": "wooduffy_",
          "timestamp": 1731988322
        }
      ]
    },
    {
      "title": "",
      "media_list_data": [
        
      ],
      "string_list_data": [
        {
          "href": "https://www.instagram.com/inmanjo2021",
          "value": "inmanjo2021",
          "timestamp": 1731988322
        }
      ]
    },
    {
      "title": "",
      "media_list_data": [
        
      ],
      "string_list_data": [
        {
          "href": "https://www.instagram.com/tyler.forg",
          "value": "tyler.forg",
          "timestamp": 1731988322
        }
      ]
    },
    {
      "title": "",
      "media_list_data": [
        
      ],
      "string_list_data": [
        {
          "href": "https://www.instagram.com/tomas.foxley",
          "value": "tomas.foxley",
          "timestamp": 1731988320
        }
      ]
    },
    {
      "title": "",
      "media_list_data": [
        
      ],
      "string_list_data": [
        {
          "href": "https://www.instagram.com/mahbod_mirafzali",
          "value": "mahbod_mirafzali",
          "timestamp": 1731988320
        }
      ]
    },
    {
      "title": "",
      "media_list_data": [
        
      ],
      "string_list_data": [
        {
          "href": "https://www.instagram.com/gabe_xu",
          "value": "gabe_xu",
          "timestamp": 1731988319
        }
      ]
    },
    {
      "title": "",
      "media_list_data": [
        
      ],
      "string_list_data": [
        {
          "href": "https://www.instagram.com/dannyboy.sullivan",
          "value": "dannyboy.sullivan",
          "timestamp": 1731988316
        }
      ]
    },
    {
      "title": "",
      "media_list_data": [
        
      ],
      "string_list_data": [
        {
          "href": "https://www.instagram.com/kasra_varasteh",
          "value": "kasra_varasteh",
          "timestamp": 1731988316
        }
      ]
    },
    {
      "title": "",
      "media_list_data": [
        
      ],
      "string_list_data": [
        {
          "href": "https://www.instagram.com/mercedesamgf1",
          "value": "mercedesamgf1",
          "timestamp": 1649597279
        }
      ]
    },
    {
      "title": "",
      "media_list_data": [
        
      ],
      "string_list_data": [
        {
          "href": "https://www.instagram.com/f1",
          "value": "f1",
          "timestamp": 1649533055
        }
      ]
    }
  ]
}