{
  "relationships_unfollowed_users": [
    {
      "title": "",
      "media_list_data": [
        
      ],
      "string_list_data": [
        {
          "href": "https://www.instagram.com/abbmooste",
          "value": "abbmooste",
          "timestamp": 1742765860
        }
      ]
    },
    {
      "title": "",
      "media_list_data": [
        
      ],
      "string_list_data": [
        {
          "href": "https://www.instagram.com/jujufish1000",
          "value": "jujufish1000",
          "timestamp": 1741659317
        }
      ]
    },
    {
      "title": "",
      "media_list_data": [
        
      ],
      "string_list_data": [
        {
          "href": "https://www.instagram.com/davidreidgarces",
          "value": "davidreidgarces",
          "timestamp": 1741115766
        }
      ]
    },
    {
      "title": "",
      "media_list_data": [
        
      ],
      "string_list_data": [
        {
          "href": "https://www.instagram.com/hard.images",
          "value": "hard.images",
          "timestamp": 1741028654
        }
      ]
    },
    {
      "title": "",
      "media_list_data": [
        
      ],
      "string_list_data": [
        {
          "href": "https://www.instagram.com/jack.moriarty8",
          "value": "jack.moriarty8",
          "timestamp": 1740776680
        }
      ]
    },
    {
      "title": "",
      "media_list_data": [
        
      ],
      "string_list_data": [
        {
          "href": "https://www.instagram.com/lilaasolomon",
          "value": "lilaasolomon",
          "timestamp": 1740374364
        }
      ]
    },
    {
      "title": "",
      "media_list_data": [
        
      ],
      "string_list_data": [
        {
          "href": "https://www.instagram.com/juliettemestel",
          "value": "juliettemestel",
          "timestamp": 1740373931
        }
      ]
    },
    {
      "title": "",
      "media_list_data": [
        
      ],
      "string_list_data": [
        {
          "href": "https://www.instagram.com/victoriabrowderr",
          "value": "victoriabrowderr",
          "timestamp": 1740328050
        }
      ]
    },
    {
      "title": "",
      "media_list_data": [
        
      ],
      "string_list_data": [
        {
          "href": "https://www.instagram.com/ava.rosenow",
          "value": "ava.rosenow",
          "timestamp": 1740327863
        }
      ]
    },
    {
      "title": "",
      "media_list_data": [
        
      ],
      "string_list_data": [
        {
          "href": "https://www.instagram.com/sophieshakoori",
          "value": "sophieshakoori",
          "timestamp": 1740327791
        }
      ]
    },
    {
      "title": "",
      "media_list_data": [
        
      ],
      "string_list_data": [
        {
          "href": "https://www.instagram.com/p_jenkins22",
          "value": "p_jenkins22",
          "timestamp": 1740327660
        }
      ]
    },
    {
      "title": "",
      "media_list_data": [
        
      ],
      "string_list_data": [
        {
          "href": "https://www.instagram.com/madeleinetierney5",
          "value": "madeleinetierney5",
          "timestamp": 1740327613
        }
      ]
    },
    {
      "title": "",
      "media_list_data": [
        
      ],
      "string_list_data": [
        {
          "href": "https://www.instagram.com/jennasaevitzon",
          "value": "jennasaevitzon",
          "timestamp": 1740327560
        }
      ]
    },
    {
      "title": "",
      "media_list_data": [
        
      ],
      "string_list_data": [
        {
          "href": "https://www.instagram.com/mataliegreenwood",
          "value": "mataliegreenwood",
          "timestamp": 1740327517
        }
      ]
    },
    {
      "title": "",
      "media_list_data": [
        
      ],
      "string_list_data": [
        {
          "href": "https://www.instagram.com/cristoballparra",
          "value": "cristoballparra",
          "timestamp": 1740182048
        }
      ]
    },
    {
      "title": "",
      "media_list_data": [
        
      ],
      "string_list_data": [
        {
          "href": "https://www.instagram.com/marcoxmartini",
          "value": "marcoxmartini",
          "timestamp": 1740075083
        }
      ]
    },
    {
      "title": "",
      "media_list_data": [
        
      ],
      "string_list_data": [
        {
          "href": "https://www.instagram.com/brookekivel",
          "value": "brookekivel",
          "timestamp": 1740066973
        }
      ]
    },
    {
      "title": "",
      "media_list_data": [
        
      ],
      "string_list_data": [
        {
          "href": "https://www.instagram.com/moby.lewis",
          "value": "moby.lewis",
          "timestamp": 1740025505
        }
      ]
    },
    {
      "title": "",
      "media_list_data": [
        
      ],
      "string_list_data": [
        {
          "href": "https://www.instagram.com/benshaer15",
          "value": "benshaer15",
          "timestamp": 1740024642
        }
      ]
    },
    {
      "title": "",
      "media_list_data": [
        
      ],
      "string_list_data": [
        {
          "href": "https://www.instagram.com/callielsava",
          "value": "callielsava",
          "timestamp": 1739977240
        }
      ]
    },
    {
      "title": "",
      "media_list_data": [
        
      ],
      "string_list_data": [
        {
          "href": "https://www.instagram.com/fionaflint10",
          "value": "fionaflint10",
          "timestamp": 1739974518
        }
      ]
    },
    {
      "title": "",
      "media_list_data": [
        
      ],
      "string_list_data": [
        {
          "href": "https://www.instagram.com/marc.hiran",
          "value": "marc.hiran",
          "timestamp": 1739974500
        }
      ]
    },
    {
      "title": "",
      "media_list_data": [
        
      ],
      "string_list_data": [
        {
          "href": "https://www.instagram.com/anna.footie",
          "value": "anna.footie",
          "timestamp": 1739945597
        }
      ]
    },
    {
      "title": "",
      "media_list_data": [
        
      ],
      "string_list_data": [
        {
          "href": "https://www.instagram.com/gisellechorost",
          "value": "gisellechorost",
          "timestamp": 1739939857
        }
      ]
    },
    {
      "title": "",
      "media_list_data": [
        
      ],
      "string_list_data": [
        {
          "href": "https://www.instagram.com/roni.brenowski",
          "value": "roni.brenowski",
          "timestamp": 1739938461
        }
      ]
    },
    {
      "title": "",
      "media_list_data": [
        
      ],
      "string_list_data": [
        {
          "href": "https://www.instagram.com/mosaffari",
          "value": "mosaffari",
          "timestamp": 1739920485
        }
      ]
    },
    {
      "title": "",
      "media_list_data": [
        
      ],
      "string_list_data": [
        {
          "href": "https://www.instagram.com/finhart9",
          "value": "finhart9",
          "timestamp": 1738904600
        }
      ]
    },
    {
      "title": "",
      "media_list_data": [
        
      ],
      "string_list_data": [
        {
          "href": "https://www.instagram.com/cornellquantfund",
          "value": "cornellquantfund",
          "timestamp": 1738728137
        }
      ]
    },
    {
      "title": "",
      "media_list_data": [
        
      ],
      "string_list_data": [
        {
          "href": "https://www.instagram.com/cornellpersians",
          "value": "cornellpersians",
          "timestamp": 1738723740
        }
      ]
    },
    {
      "title": "",
      "media_list_data": [
        
      ],
      "string_list_data": [
        {
          "href": "https://www.instagram.com/kobebryant",
          "value": "kobebryant",
          "timestamp": 1738723546
        }
      ]
    },
    {
      "title": "",
      "media_list_data": [
        
      ],
      "string_list_data": [
        {
          "href": "https://www.instagram.com/nshsdenebola",
          "value": "nshsdenebola",
          "timestamp": 1738723491
        }
      ]
    },
    {
      "title": "",
      "media_list_data": [
        
      ],
      "string_list_data": [
        {
          "href": "https://www.instagram.com/amandamikulka",
          "value": "amandamikulka",
          "timestamp": 1738723286
        }
      ]
    },
    {
      "title": "",
      "media_list_data": [
        
      ],
      "string_list_data": [
        {
          "href": "https://www.instagram.com/vannettahelland",
          "value": "vannettahelland",
          "timestamp": 1738453919
        }
      ]
    },
    {
      "title": "",
      "media_list_data": [
        
      ],
      "string_list_data": [
        {
          "href": "https://www.instagram.com/alltalk_ian",
          "value": "alltalk_ian",
          "timestamp": 1738453774
        }
      ]
    }
  ]
}