{
  "relationships_permanent_follow_requests": [
    {
      "title": "",
      "media_list_data": [
        
      ],
      "string_list_data": [
        {
          "href": "https://www.instagram.com/law_ozo",
          "value": "law_ozo",
          "timestamp": 1743252273
        }
      ]
    },
    {
      "title": "",
      "media_list_data": [
        
      ],
      "string_list_data": [
        {
          "href": "https://www.instagram.com/rozkurd_",
          "value": "rozkurd_",
          "timestamp": 1743218157
        }
      ]
    },
    {
      "title": "",
      "media_list_data": [
        
      ],
      "string_list_data": [
        {
          "href": "https://www.instagram.com/emmareginagreen",
          "value": "emmareginagreen",
          "timestamp": 1742948642
        }
      ]
    },
    {
      "title": "",
      "media_list_data": [
        
      ],
      "string_list_data": [
        {
          "href": "https://www.instagram.com/ellis.emouna",
          "value": "ellis.emouna",
          "timestamp": 1742778015
        }
      ]
    },
    {
      "title": "",
      "media_list_data": [
        
      ],
      "string_list_data": [
        {
          "href": "https://www.instagram.com/leonorbcoles",
          "value": "leonorbcoles",
          "timestamp": 1742278356
        }
      ]
    },
    {
      "title": "",
      "media_list_data": [
        
      ],
      "string_list_data": [
        {
          "href": "https://www.instagram.com/gracefdavis",
          "value": "gracefdavis",
          "timestamp": 1741570660
        }
      ]
    },
    {
      "title": "",
      "media_list_data": [
        
      ],
      "string_list_data": [
        {
          "href": "https://www.instagram.com/becca.jeffries95",
          "value": "becca.jeffries95",
          "timestamp": 1741203122
        }
      ]
    },
    {
      "title": "",
      "media_list_data": [
        
      ],
      "string_list_data": [
        {
          "href": "https://www.instagram.com/jack.moriarty8",
          "value": "jack.moriarty8",
          "timestamp": 1740697627
        }
      ]
    },
    {
      "title": "",
      "media_list_data": [
        
      ],
      "string_list_data": [
        {
          "href": "https://www.instagram.com/lilykonkoly",
          "value": "lilykonkoly",
          "timestamp": 1740697620
        }
      ]
    },
    {
      "title": "",
      "media_list_data": [
        
      ],
      "string_list_data": [
        {
          "href": "https://www.instagram.com/jess.belcher_",
          "value": "jess.belcher_",
          "timestamp": 1740192998
        }
      ]
    },
    {
      "title": "",
      "media_list_data": [
        
      ],
      "string_list_data": [
        {
          "href": "https://www.instagram.com/gabi.ayz",
          "value": "gabi.ayz",
          "timestamp": 1740192992
        }
      ]
    },
    {
      "title": "",
      "media_list_data": [
        
      ],
      "string_list_data": [
        {
          "href": "https://www.instagram.com/fhayes6",
          "value": "fhayes6",
          "timestamp": 1740192943
        }
      ]
    },
    {
      "title": "",
      "media_list_data": [
        
      ],
      "string_list_data": [
        {
          "href": "https://www.instagram.com/luluabdell",
          "value": "luluabdell",
          "timestamp": 1740067030
        }
      ]
    },
    {
      "title": "",
      "media_list_data": [
        
      ],
      "string_list_data": [
        {
          "href": "https://www.instagram.com/leo.mcmann14",
          "value": "leo.mcmann14",
          "timestamp": 1740026658
        }
      ]
    },
    {
      "title": "",
      "media_list_data": [
        
      ],
      "string_list_data": [
        {
          "href": "https://www.instagram.com/maggie.zittel",
          "value": "maggie.zittel",
          "timestamp": 1740026646
        }
      ]
    },
    {
      "title": "",
      "media_list_data": [
        
      ],
      "string_list_data": [
        {
          "href": "https://www.instagram.com/audreymlewellen",
          "value": "audreymlewellen",
          "timestamp": 1740026627
        }
      ]
    },
    {
      "title": "",
      "media_list_data": [
        
      ],
      "string_list_data": [
        {
          "href": "https://www.instagram.com/aris.roberts",
          "value": "aris.roberts",
          "timestamp": 1740026594
        }
      ]
    },
    {
      "title": "",
      "media_list_data": [
        
      ],
      "string_list_data": [
        {
          "href": "https://www.instagram.com/ellienteal",
          "value": "ellienteal",
          "timestamp": 1740026572
        }
      ]
    },
    {
      "title": "",
      "media_list_data": [
        
      ],
      "string_list_data": [
        {
          "href": "https://www.instagram.com/emily_buckley_5",
          "value": "emily_buckley_5",
          "timestamp": 1740023996
        }
      ]
    },
    {
      "title": "",
      "media_list_data": [
        
      ],
      "string_list_data": [
        {
          "href": "https://www.instagram.com/lilypearlgardner",
          "value": "lilypearlgardner",
          "timestamp": 1740011361
        }
      ]
    },
    {
      "title": "",
      "media_list_data": [
        
      ],
      "string_list_data": [
        {
          "href": "https://www.instagram.com/juliodahl3",
          "value": "juliodahl3",
          "timestamp": 1740011352
        }
      ]
    },
    {
      "title": "",
      "media_list_data": [
        
      ],
      "string_list_data": [
        {
          "href": "https://www.instagram.com/lizzylam_",
          "value": "lizzylam_",
          "timestamp": 1740011322
        }
      ]
    },
    {
      "title": "",
      "media_list_data": [
        
      ],
      "string_list_data": [
        {
          "href": "https://www.instagram.com/alexisrozen",
          "value": "alexisrozen",
          "timestamp": 1740011293
        }
      ]
    },
    {
      "title": "",
      "media_list_data": [
        
      ],
      "string_list_data": [
        {
          "href": "https://www.instagram.com/ocbaumann",
          "value": "ocbaumann",
          "timestamp": 1740011065
        }
      ]
    },
    {
      "title": "",
      "media_list_data": [
        
      ],
      "string_list_data": [
        {
          "href": "https://www.instagram.com/owenlapierre_",
          "value": "owenlapierre_",
          "timestamp": 1740011009
        }
      ]
    },
    {
      "title": "",
      "media_list_data": [
        
      ],
      "string_list_data": [
        {
          "href": "https://www.instagram.com/akshatagarwal47",
          "value": "akshatagarwal47",
          "timestamp": 1740010987
        }
      ]
    },
    {
      "title": "",
      "media_list_data": [
        
      ],
      "string_list_data": [
        {
          "href": "https://www.instagram.com/juliettemestel",
          "value": "juliettemestel",
          "timestamp": 1740010980
        }
      ]
    },
    {
      "title": "",
      "media_list_data": [
        
      ],
      "string_list_data": [
        {
          "href": "https://www.instagram.com/rileycavanna",
          "value": "rileycavanna",
          "timestamp": 1740010955
        }
      ]
    },
    {
      "title": "",
      "media_list_data": [
        
      ],
      "string_list_data": [
        {
          "href": "https://www.instagram.com/zachyoungg12",
          "value": "zachyoungg12",
          "timestamp": 1740010944
        }
      ]
    },
    {
      "title": "",
      "media_list_data": [
        
      ],
      "string_list_data": [
        {
          "href": "https://www.instagram.com/aidanrosenthal",
          "value": "aidanrosenthal",
          "timestamp": 1740010939
        }
      ]
    },
    {
      "title": "",
      "media_list_data": [
        
      ],
      "string_list_data": [
        {
          "href": "https://www.instagram.com/kersten_sykes",
          "value": "kersten_sykes",
          "timestamp": 1740010910
        }
      ]
    },
    {
      "title": "",
      "media_list_data": [
        
      ],
      "string_list_data": [
        {
          "href": "https://www.instagram.com/sydney.fishh",
          "value": "sydney.fishh",
          "timestamp": 1740010900
        }
      ]
    },
    {
      "title": "",
      "media_list_data": [
        
      ],
      "string_list_data": [
        {
          "href": "https://www.instagram.com/veeran.dhaliwal_",
          "value": "veeran.dhaliwal_",
          "timestamp": 1740010895
        }
      ]
    },
    {
      "title": "",
      "media_list_data": [
        
      ],
      "string_list_data": [
        {
          "href": "https://www.instagram.com/g.cals",
          "value": "g.cals",
          "timestamp": 1740010889
        }
      ]
    },
    {
      "title": "",
      "media_list_data": [
        
      ],
      "string_list_data": [
        {
          "href": "https://www.instagram.com/miramarinoo",
          "value": "miramarinoo",
          "timestamp": 1740010879
        }
      ]
    },
    {
      "title": "",
      "media_list_data": [
        
      ],
      "string_list_data": [
        {
          "href": "https://www.instagram.com/isabel_vega6",
          "value": "isabel_vega6",
          "timestamp": 1740010874
        }
      ]
    },
    {
      "title": "",
      "media_list_data": [
        
      ],
      "string_list_data": [
        {
          "href": "https://www.instagram.com/alexafriesel",
          "value": "alexafriesel",
          "timestamp": 1740010869
        }
      ]
    },
    {
      "title": "",
      "media_list_data": [
        
      ],
      "string_list_data": [
        {
          "href": "https://www.instagram.com/victoriabrowderr",
          "value": "victoriabrowderr",
          "timestamp": 1740010864
        }
      ]
    },
    {
      "title": "",
      "media_list_data": [
        
      ],
      "string_list_data": [
        {
          "href": "https://www.instagram.com/brookekivel",
          "value": "brookekivel",
          "timestamp": 1740010807
        }
      ]
    },
    {
      "title": "",
      "media_list_data": [
        
      ],
      "string_list_data": [
        {
          "href": "https://www.instagram.com/savannahkokaly",
          "value": "savannahkokaly",
          "timestamp": 1740010793
        }
      ]
    },
    {
      "title": "",
      "media_list_data": [
        
      ],
      "string_list_data": [
        {
          "href": "https://www.instagram.com/justinallvarez",
          "value": "justinallvarez",
          "timestamp": 1740010783
        }
      ]
    },
    {
      "title": "",
      "media_list_data": [
        
      ],
      "string_list_data": [
        {
          "href": "https://www.instagram.com/lucyfriedman",
          "value": "lucyfriedman",
          "timestamp": 1740010777
        }
      ]
    },
    {
      "title": "",
      "media_list_data": [
        
      ],
      "string_list_data": [
        {
          "href": "https://www.instagram.com/jadkassir_",
          "value": "jadkassir_",
          "timestamp": 1740010765
        }
      ]
    },
    {
      "title": "",
      "media_list_data": [
        
      ],
      "string_list_data": [
        {
          "href": "https://www.instagram.com/kathrynrlamont",
          "value": "kathrynrlamont",
          "timestamp": 1740010758
        }
      ]
    },
    {
      "title": "",
      "media_list_data": [
        
      ],
      "string_list_data": [
        {
          "href": "https://www.instagram.com/ashleylabrucherie",
          "value": "ashleylabrucherie",
          "timestamp": 1740010753
        }
      ]
    },
    {
      "title": "",
      "media_list_data": [
        
      ],
      "string_list_data": [
        {
          "href": "https://www.instagram.com/justin_umbrasas",
          "value": "justin_umbrasas",
          "timestamp": 1740010704
        }
      ]
    },
    {
      "title": "",
      "media_list_data": [
        
      ],
      "string_list_data": [
        {
          "href": "https://www.instagram.com/morley.pendred",
          "value": "morley.pendred",
          "timestamp": 1740010689
        }
      ]
    },
    {
      "title": "",
      "media_list_data": [
        
      ],
      "string_list_data": [
        {
          "href": "https://www.instagram.com/catherineorders",
          "value": "catherineorders",
          "timestamp": 1740010679
        }
      ]
    },
    {
      "title": "",
      "media_list_data": [
        
      ],
      "string_list_data": [
        {
          "href": "https://www.instagram.com/kaitlyndearmas",
          "value": "kaitlyndearmas",
          "timestamp": 1740010664
        }
      ]
    },
    {
      "title": "",
      "media_list_data": [
        
      ],
      "string_list_data": [
        {
          "href": "https://www.instagram.com/davidreidgarces",
          "value": "davidreidgarces",
          "timestamp": 1740010602
        }
      ]
    },
    {
      "title": "",
      "media_list_data": [
        
      ],
      "string_list_data": [
        {
          "href": "https://www.instagram.com/nilalkrish",
          "value": "nilalkrish",
          "timestamp": 1740010584
        }
      ]
    },
    {
      "title": "",
      "media_list_data": [
        
      ],
      "string_list_data": [
        {
          "href": "https://www.instagram.com/gisellechorost",
          "value": "gisellechorost",
          "timestamp": 1739938651
        }
      ]
    },
    {
      "title": "",
      "media_list_data": [
        
      ],
      "string_list_data": [
        {
          "href": "https://www.instagram.com/aannanelson",
          "value": "aannanelson",
          "timestamp": 1739938641
        }
      ]
    },
    {
      "title": "",
      "media_list_data": [
        
      ],
      "string_list_data": [
        {
          "href": "https://www.instagram.com/ryski23",
          "value": "ryski23",
          "timestamp": 1739938593
        }
      ]
    },
    {
      "title": "",
      "media_list_data": [
        
      ],
      "string_list_data": [
        {
          "href": "https://www.instagram.com/lilamager",
          "value": "lilamager",
          "timestamp": 1739938574
        }
      ]
    },
    {
      "title": "",
      "media_list_data": [
        
      ],
      "string_list_data": [
        {
          "href": "https://www.instagram.com/abby.cmatthews",
          "value": "abby.cmatthews",
          "timestamp": 1739938569
        }
      ]
    },
    {
      "title": "",
      "media_list_data": [
        
      ],
      "string_list_data": [
        {
          "href": "https://www.instagram.com/charlanglois",
          "value": "charlanglois",
          "timestamp": 1739938562
        }
      ]
    },
    {
      "title": "",
      "media_list_data": [
        
      ],
      "string_list_data": [
        {
          "href": "https://www.instagram.com/sophiakoman",
          "value": "sophiakoman",
          "timestamp": 1739938556
        }
      ]
    },
    {
      "title": "",
      "media_list_data": [
        
      ],
      "string_list_data": [
        {
          "href": "https://www.instagram.com/sofitorresdu",
          "value": "sofitorresdu",
          "timestamp": 1739938551
        }
      ]
    },
    {
      "title": "",
      "media_list_data": [
        
      ],
      "string_list_data": [
        {
          "href": "https://www.instagram.com/evenmoresoju",
          "value": "evenmoresoju",
          "timestamp": 1739938538
        }
      ]
    },
    {
      "title": "",
      "media_list_data": [
        
      ],
      "string_list_data": [
        {
          "href": "https://www.instagram.com/zachaatlas",
          "value": "zachaatlas",
          "timestamp": 1739938534
        }
      ]
    },
    {
      "title": "",
      "media_list_data": [
        
      ],
      "string_list_data": [
        {
          "href": "https://www.instagram.com/winniemajette",
          "value": "winniemajette",
          "timestamp": 1739938521
        }
      ]
    },
    {
      "title": "",
      "media_list_data": [
        
      ],
      "string_list_data": [
        {
          "href": "https://www.instagram.com/karisa_bockley",
          "value": "karisa_bockley",
          "timestamp": 1739938501
        }
      ]
    },
    {
      "title": "",
      "media_list_data": [
        
      ],
      "string_list_data": [
        {
          "href": "https://www.instagram.com/isabellagblanco",
          "value": "isabellagblanco",
          "timestamp": 1739938484
        }
      ]
    },
    {
      "title": "",
      "media_list_data": [
        
      ],
      "string_list_data": [
        {
          "href": "https://www.instagram.com/tomaslazarczyk",
          "value": "tomaslazarczyk",
          "timestamp": 1739938472
        }
      ]
    },
    {
      "title": "",
      "media_list_data": [
        
      ],
      "string_list_data": [
        {
          "href": "https://www.instagram.com/roni.brenowski",
          "value": "roni.brenowski",
          "timestamp": 1739938455
        }
      ]
    },
    {
      "title": "",
      "media_list_data": [
        
      ],
      "string_list_data": [
        {
          "href": "https://www.instagram.com/cristoballparra",
          "value": "cristoballparra",
          "timestamp": 1739938437
        }
      ]
    },
    {
      "title": "",
      "media_list_data": [
        
      ],
      "string_list_data": [
        {
          "href": "https://www.instagram.com/maddie.milam",
          "value": "maddie.milam",
          "timestamp": 1739938412
        }
      ]
    },
    {
      "title": "",
      "media_list_data": [
        
      ],
      "string_list_data": [
        {
          "href": "https://www.instagram.com/ryan.oconnor27",
          "value": "ryan.oconnor27",
          "timestamp": 1739938399
        }
      ]
    },
    {
      "title": "",
      "media_list_data": [
        
      ],
      "string_list_data": [
        {
          "href": "https://www.instagram.com/larissa_bertini15",
          "value": "larissa_bertini15",
          "timestamp": 1739938180
        }
      ]
    },
    {
      "title": "",
      "media_list_data": [
        
      ],
      "string_list_data": [
        {
          "href": "https://www.instagram.com/benshaer15",
          "value": "benshaer15",
          "timestamp": 1739938152
        }
      ]
    },
    {
      "title": "",
      "media_list_data": [
        
      ],
      "string_list_data": [
        {
          "href": "https://www.instagram.com/zachary_.k",
          "value": "zachary_.k",
          "timestamp": 1739938116
        }
      ]
    },
    {
      "title": "",
      "media_list_data": [
        
      ],
      "string_list_data": [
        {
          "href": "https://www.instagram.com/seancyt",
          "value": "seancyt",
          "timestamp": 1739938101
        }
      ]
    },
    {
      "title": "",
      "media_list_data": [
        
      ],
      "string_list_data": [
        {
          "href": "https://www.instagram.com/cecily__smith",
          "value": "cecily__smith",
          "timestamp": 1739938084
        }
      ]
    },
    {
      "title": "",
      "media_list_data": [
        
      ],
      "string_list_data": [
        {
          "href": "https://www.instagram.com/georgestoody",
          "value": "georgestoody",
          "timestamp": 1739938076
        }
      ]
    },
    {
      "title": "",
      "media_list_data": [
        
      ],
      "string_list_data": [
        {
          "href": "https://www.instagram.com/kaelaheinstein",
          "value": "kaelaheinstein",
          "timestamp": 1739938072
        }
      ]
    },
    {
      "title": "",
      "media_list_data": [
        
      ],
      "string_list_data": [
        {
          "href": "https://www.instagram.com/lilyyjsmith",
          "value": "lilyyjsmith",
          "timestamp": 1739938067
        }
      ]
    },
    {
      "title": "",
      "media_list_data": [
        
      ],
      "string_list_data": [
        {
          "href": "https://www.instagram.com/isammarquez_",
          "value": "isammarquez_",
          "timestamp": 1739938033
        }
      ]
    },
    {
      "title": "",
      "media_list_data": [
        
      ],
      "string_list_data": [
        {
          "href": "https://www.instagram.com/callielsava",
          "value": "callielsava",
          "timestamp": 1739938022
        }
      ]
    },
    {
      "title": "",
      "media_list_data": [
        
      ],
      "string_list_data": [
        {
          "href": "https://www.instagram.com/johanneswortel",
          "value": "johanneswortel",
          "timestamp": 1739938014
        }
      ]
    },
    {
      "title": "",
      "media_list_data": [
        
      ],
      "string_list_data": [
        {
          "href": "https://www.instagram.com/ollin.deantonio",
          "value": "ollin.deantonio",
          "timestamp": 1739938007
        }
      ]
    },
    {
      "title": "",
      "media_list_data": [
        
      ],
      "string_list_data": [
        {
          "href": "https://www.instagram.com/sarah_burnss_",
          "value": "sarah_burnss_",
          "timestamp": 1739938001
        }
      ]
    },
    {
      "title": "",
      "media_list_data": [
        
      ],
      "string_list_data": [
        {
          "href": "https://www.instagram.com/alexdaoud2",
          "value": "alexdaoud2",
          "timestamp": 1739937997
        }
      ]
    },
    {
      "title": "",
      "media_list_data": [
        
      ],
      "string_list_data": [
        {
          "href": "https://www.instagram.com/marc.hiran",
          "value": "marc.hiran",
          "timestamp": 1739937985
        }
      ]
    },
    {
      "title": "",
      "media_list_data": [
        
      ],
      "string_list_data": [
        {
          "href": "https://www.instagram.com/janehamiltonnn",
          "value": "janehamiltonnn",
          "timestamp": 1739937959
        }
      ]
    },
    {
      "title": "",
      "media_list_data": [
        
      ],
      "string_list_data": [
        {
          "href": "https://www.instagram.com/geoffreymilller",
          "value": "geoffreymilller",
          "timestamp": 1739937950
        }
      ]
    },
    {
      "title": "",
      "media_list_data": [
        
      ],
      "string_list_data": [
        {
          "href": "https://www.instagram.com/_xavierwendt",
          "value": "_xavierwendt",
          "timestamp": 1739937918
        }
      ]
    },
    {
      "title": "",
      "media_list_data": [
        
      ],
      "string_list_data": [
        {
          "href": "https://www.instagram.com/ste11a.jane",
          "value": "ste11a.jane",
          "timestamp": 1739937906
        }
      ]
    },
    {
      "title": "",
      "media_list_data": [
        
      ],
      "string_list_data": [
        {
          "href": "https://www.instagram.com/clay.malott",
          "value": "clay.malott",
          "timestamp": 1739937898
        }
      ]
    },
    {
      "title": "",
      "media_list_data": [
        
      ],
      "string_list_data": [
        {
          "href": "https://www.instagram.com/lexigates3",
          "value": "lexigates3",
          "timestamp": 1739937884
        }
      ]
    },
    {
      "title": "",
      "media_list_data": [
        
      ],
      "string_list_data": [
        {
          "href": "https://www.instagram.com/amanda.nicholsonn",
          "value": "amanda.nicholsonn",
          "timestamp": 1739937860
        }
      ]
    },
    {
      "title": "",
      "media_list_data": [
        
      ],
      "string_list_data": [
        {
          "href": "https://www.instagram.com/warddobeck",
          "value": "warddobeck",
          "timestamp": 1739937850
        }
      ]
    },
    {
      "title": "",
      "media_list_data": [
        
      ],
      "string_list_data": [
        {
          "href": "https://www.instagram.com/kaylawoo2",
          "value": "kaylawoo2",
          "timestamp": 1739937840
        }
      ]
    },
    {
      "title": "",
      "media_list_data": [
        
      ],
      "string_list_data": [
        {
          "href": "https://www.instagram.com/liambayne14",
          "value": "liambayne14",
          "timestamp": 1739937833
        }
      ]
    },
    {
      "title": "",
      "media_list_data": [
        
      ],
      "string_list_data": [
        {
          "href": "https://www.instagram.com/eleanor.wynne",
          "value": "eleanor.wynne",
          "timestamp": 1739937824
        }
      ]
    },
    {
      "title": "",
      "media_list_data": [
        
      ],
      "string_list_data": [
        {
          "href": "https://www.instagram.com/michael.goodall.chi",
          "value": "michael.goodall.chi",
          "timestamp": 1739937820
        }
      ]
    },
    {
      "title": "",
      "media_list_data": [
        
      ],
      "string_list_data": [
        {
          "href": "https://www.instagram.com/evazacharakis",
          "value": "evazacharakis",
          "timestamp": 1739937815
        }
      ]
    },
    {
      "title": "",
      "media_list_data": [
        
      ],
      "string_list_data": [
        {
          "href": "https://www.instagram.com/noarichard._",
          "value": "noarichard._",
          "timestamp": 1739937812
        }
      ]
    },
    {
      "title": "",
      "media_list_data": [
        
      ],
      "string_list_data": [
        {
          "href": "https://www.instagram.com/max.castanon",
          "value": "max.castanon",
          "timestamp": 1739937807
        }
      ]
    },
    {
      "title": "",
      "media_list_data": [
        
      ],
      "string_list_data": [
        {
          "href": "https://www.instagram.com/ellaszymanski",
          "value": "ellaszymanski",
          "timestamp": 1739937801
        }
      ]
    },
    {
      "title": "",
      "media_list_data": [
        
      ],
      "string_list_data": [
        {
          "href": "https://www.instagram.com/kswan1604",
          "value": "kswan1604",
          "timestamp": 1739937786
        }
      ]
    },
    {
      "title": "",
      "media_list_data": [
        
      ],
      "string_list_data": [
        {
          "href": "https://www.instagram.com/izzybonham",
          "value": "izzybonham",
          "timestamp": 1739937758
        }
      ]
    },
    {
      "title": "",
      "media_list_data": [
        
      ],
      "string_list_data": [
        {
          "href": "https://www.instagram.com/izzyarbeitman",
          "value": "izzyarbeitman",
          "timestamp": 1739937753
        }
      ]
    },
    {
      "title": "",
      "media_list_data": [
        
      ],
      "string_list_data": [
        {
          "href": "https://www.instagram.com/anna.footie",
          "value": "anna.footie",
          "timestamp": 1739937696
        }
      ]
    },
    {
      "title": "",
      "media_list_data": [
        
      ],
      "string_list_data": [
        {
          "href": "https://www.instagram.com/noahbrenner_",
          "value": "noahbrenner_",
          "timestamp": 1739937689
        }
      ]
    },
    {
      "title": "",
      "media_list_data": [
        
      ],
      "string_list_data": [
        {
          "href": "https://www.instagram.com/ryan_xie1",
          "value": "ryan_xie1",
          "timestamp": 1739937684
        }
      ]
    },
    {
      "title": "",
      "media_list_data": [
        
      ],
      "string_list_data": [
        {
          "href": "https://www.instagram.com/courtneybrecher",
          "value": "courtneybrecher",
          "timestamp": 1739933682
        }
      ]
    },
    {
      "title": "",
      "media_list_data": [
        
      ],
      "string_list_data": [
        {
          "href": "https://www.instagram.com/fionaflint10",
          "value": "fionaflint10",
          "timestamp": 1739921789
        }
      ]
    },
    {
      "title": "",
      "media_list_data": [
        
      ],
      "string_list_data": [
        {
          "href": "https://www.instagram.com/jessrakoczyyy",
          "value": "jessrakoczyyy",
          "timestamp": 1739921774
        }
      ]
    },
    {
      "title": "",
      "media_list_data": [
        
      ],
      "string_list_data": [
        {
          "href": "https://www.instagram.com/tanaskazlas",
          "value": "tanaskazlas",
          "timestamp": 1739921753
        }
      ]
    },
    {
      "title": "",
      "media_list_data": [
        
      ],
      "string_list_data": [
        {
          "href": "https://www.instagram.com/w.k.shoe",
          "value": "w.k.shoe",
          "timestamp": 1739921745
        }
      ]
    },
    {
      "title": "",
      "media_list_data": [
        
      ],
      "string_list_data": [
        {
          "href": "https://www.instagram.com/morgan_gallivan",
          "value": "morgan_gallivan",
          "timestamp": 1739921731
        }
      ]
    },
    {
      "title": "",
      "media_list_data": [
        
      ],
      "string_list_data": [
        {
          "href": "https://www.instagram.com/sofiashklovsky",
          "value": "sofiashklovsky",
          "timestamp": 1739921726
        }
      ]
    },
    {
      "title": "",
      "media_list_data": [
        
      ],
      "string_list_data": [
        {
          "href": "https://www.instagram.com/diana_creedon",
          "value": "diana_creedon",
          "timestamp": 1739921718
        }
      ]
    },
    {
      "title": "",
      "media_list_data": [
        
      ],
      "string_list_data": [
        {
          "href": "https://www.instagram.com/sophieefeldman",
          "value": "sophieefeldman",
          "timestamp": 1739766411
        }
      ]
    },
    {
      "title": "",
      "media_list_data": [
        
      ],
      "string_list_data": [
        {
          "href": "https://www.instagram.com/nicole_qiuu",
          "value": "nicole_qiuu",
          "timestamp": 1739578770
        }
      ]
    },
    {
      "title": "",
      "media_list_data": [
        
      ],
      "string_list_data": [
        {
          "href": "https://www.instagram.com/imogen_upham",
          "value": "imogen_upham",
          "timestamp": 1739493000
        }
      ]
    },
    {
      "title": "",
      "media_list_data": [
        
      ],
      "string_list_data": [
        {
          "href": "https://www.instagram.com/rholton1629",
          "value": "rholton1629",
          "timestamp": 1739478851
        }
      ]
    },
    {
      "title": "",
      "media_list_data": [
        
      ],
      "string_list_data": [
        {
          "href": "https://www.instagram.com/michael__mcmaster",
          "value": "michael__mcmaster",
          "timestamp": 1738906627
        }
      ]
    },
    {
      "title": "",
      "media_list_data": [
        
      ],
      "string_list_data": [
        {
          "href": "https://www.instagram.com/harry.halper",
          "value": "harry.halper",
          "timestamp": 1738810710
        }
      ]
    },
    {
      "title": "",
      "media_list_data": [
        
      ],
      "string_list_data": [
        {
          "href": "https://www.instagram.com/finhart9",
          "value": "finhart9",
          "timestamp": 1738810706
        }
      ]
    },
    {
      "title": "",
      "media_list_data": [
        
      ],
      "string_list_data": [
        {
          "href": "https://www.instagram.com/andrew.kasparyan",
          "value": "andrew.kasparyan",
          "timestamp": 1738810676
        }
      ]
    },
    {
      "title": "",
      "media_list_data": [
        
      ],
      "string_list_data": [
        {
          "href": "https://www.instagram.com/ellafreimuth",
          "value": "ellafreimuth",
          "timestamp": 1738701461
        }
      ]
    },
    {
      "title": "",
      "media_list_data": [
        
      ],
      "string_list_data": [
        {
          "href": "https://www.instagram.com/eddie_m144",
          "value": "eddie_m144",
          "timestamp": 1738609876
        }
      ]
    },
    {
      "title": "",
      "media_list_data": [
        
      ],
      "string_list_data": [
        {
          "href": "https://www.instagram.com/evan_mcgowan",
          "value": "evan_mcgowan",
          "timestamp": 1738453858
        }
      ]
    },
    {
      "title": "",
      "media_list_data": [
        
      ],
      "string_list_data": [
        {
          "href": "https://www.instagram.com/vannettahelland",
          "value": "vannettahelland",
          "timestamp": 1738178375
        }
      ]
    },
    {
      "title": "",
      "media_list_data": [
        
      ],
      "string_list_data": [
        {
          "href": "https://www.instagram.com/tailai_ying",
          "value": "tailai_ying",
          "timestamp": 1738078467
        }
      ]
    },
    {
      "title": "",
      "media_list_data": [
        
      ],
      "string_list_data": [
        {
          "href": "https://www.instagram.com/arya_mog_1",
          "value": "arya_mog_1",
          "timestamp": 1737162993
        }
      ]
    },
    {
      "title": "",
      "media_list_data": [
        
      ],
      "string_list_data": [
        {
          "href": "https://www.instagram.com/amelia_.king",
          "value": "amelia_.king",
          "timestamp": 1736998575
        }
      ]
    },
    {
      "title": "",
      "media_list_data": [
        
      ],
      "string_list_data": [
        {
          "href": "https://www.instagram.com/alex.cherf",
          "value": "alex.cherf",
          "timestamp": 1736561479
        }
      ]
    },
    {
      "title": "",
      "media_list_data": [
        
      ],
      "string_list_data": [
        {
          "href": "https://www.instagram.com/nathanielsass6",
          "value": "nathanielsass6",
          "timestamp": 1736554205
        }
      ]
    },
    {
      "title": "",
      "media_list_data": [
        
      ],
      "string_list_data": [
        {
          "href": "https://www.instagram.com/hlotieno",
          "value": "hlotieno",
          "timestamp": 1735872943
        }
      ]
    }
  ]
}