{
  "relationships_dismissed_suggested_users": [
    {
      "title": "",
      "media_list_data": [
        
      ],
      "string_list_data": [
        {
          "href": "https://www.instagram.com/kirstenwilliamz",
          "value": "kirstenwilliamz",
          "timestamp": 1740026703
        }
      ]
    },
    {
      "title": "",
      "media_list_data": [
        
      ],
      "string_list_data": [
        {
          "href": "https://www.instagram.com/gracewi1son",
          "value": "gracewi1son",
          "timestamp": 1740026699
        }
      ]
    },
    {
      "title": "",
      "media_list_data": [
        
      ],
      "string_list_data": [
        {
          "href": "https://www.instagram.com/_rileysmithhh",
          "value": "_rileysmithhh",
          "timestamp": 1740026690
        }
      ]
    },
    {
      "title": "",
      "media_list_data": [
        
      ],
      "string_list_data": [
        {
          "href": "https://www.instagram.com/_chris_hunter",
          "value": "_chris_hunter",
          "timestamp": 1740026670
        }
      ]
    },
    {
      "title": "",
      "media_list_data": [
        
      ],
      "string_list_data": [
        {
          "href": "https://www.instagram.com/haris.ghulamali",
          "value": "haris.ghulamali",
          "timestamp": 1740026586
        }
      ]
    },
    {
      "title": "",
      "media_list_data": [
        
      ],
      "string_list_data": [
        {
          "href": "https://www.instagram.com/lindsayvaldez_",
          "value": "lindsayvaldez_",
          "timestamp": 1740026584
        }
      ]
    },
    {
      "title": "",
      "media_list_data": [
        
      ],
      "string_list_data": [
        {
          "href": "https://www.instagram.com/onayahsmith",
          "value": "onayahsmith",
          "timestamp": 1740026582
        }
      ]
    },
    {
      "title": "",
      "media_list_data": [
        
      ],
      "string_list_data": [
        {
          "href": "https://www.instagram.com/averyyleonard",
          "value": "averyyleonard",
          "timestamp": 1740026582
        }
      ]
    },
    {
      "title": "",
      "media_list_data": [
        
      ],
      "string_list_data": [
        {
          "href": "https://www.instagram.com/sophdavisss",
          "value": "sophdavisss",
          "timestamp": 1740026580
        }
      ]
    },
    {
      "title": "",
      "media_list_data": [
        
      ],
      "string_list_data": [
        {
          "href": "https://www.instagram.com/ambsbri",
          "value": "ambsbri",
          "timestamp": 1740026579
        }
      ]
    },
    {
      "title": "",
      "media_list_data": [
        
      ],
      "string_list_data": [
        {
          "href": "https://www.instagram.com/ryder.kurtz",
          "value": "ryder.kurtz",
          "timestamp": 1740026579
        }
      ]
    },
    {
      "title": "",
      "media_list_data": [
        
      ],
      "string_list_data": [
        {
          "href": "https://www.instagram.com/milahaffar",
          "value": "milahaffar",
          "timestamp": 1739938566
        }
      ]
    },
    {
      "title": "",
      "media_list_data": [
        
      ],
      "string_list_data": [
        {
          "href": "https://www.instagram.com/isabelllfraga",
          "value": "isabelllfraga",
          "timestamp": 1739938480
        }
      ]
    },
    {
      "title": "",
      "media_list_data": [
        
      ],
      "string_list_data": [
        {
          "href": "https://www.instagram.com/malavshah07",
          "value": "malavshah07",
          "timestamp": 1739938446
        }
      ]
    },
    {
      "title": "",
      "media_list_data": [
        
      ],
      "string_list_data": [
        {
          "href": "https://www.instagram.com/119theknolll",
          "value": "119theknolll",
          "timestamp": 1739938442
        }
      ]
    },
    {
      "title": "",
      "media_list_data": [
        
      ],
      "string_list_data": [
        {
          "href": "https://www.instagram.com/laurencoatess",
          "value": "laurencoatess",
          "timestamp": 1739938442
        }
      ]
    },
    {
      "title": "",
      "media_list_data": [
        
      ],
      "string_list_data": [
        {
          "href": "https://www.instagram.com/dylanjcurran",
          "value": "dylanjcurran",
          "timestamp": 1739938441
        }
      ]
    },
    {
      "title": "",
      "media_list_data": [
        
      ],
      "string_list_data": [
        {
          "href": "https://www.instagram.com/meredith_eagle",
          "value": "meredith_eagle",
          "timestamp": 1726017586
        }
      ]
    },
    {
      "title": "",
      "media_list_data": [
        
      ],
      "string_list_data": [
        {
          "href": "https://www.instagram.com/yogirllulu",
          "value": "yogirllulu",
          "timestamp": 1725339610
        }
      ]
    },
    {
      "title": "",
      "media_list_data": [
        
      ],
      "string_list_data": [
        {
          "href": "https://www.instagram.com/nshs_aso",
          "value": "nshs_aso",
          "timestamp": 1719165615
        }
      ]
    },
    {
      "title": "",
      "media_list_data": [
        
      ],
      "string_list_data": [
        {
          "href": "https://www.instagram.com/lizzygotthefizzy",
          "value": "lizzygotthefizzy",
          "timestamp": 1719165614
        }
      ]
    },
    {
      "title": "",
      "media_list_data": [
        
      ],
      "string_list_data": [
        {
          "href": "https://www.instagram.com/samlacamera",
          "value": "samlacamera",
          "timestamp": 1719165614
        }
      ]
    },
    {
      "title": "",
      "media_list_data": [
        
      ],
      "string_list_data": [
        {
          "href": "https://www.instagram.com/gaby.welch",
          "value": "gaby.welch",
          "timestamp": 1719165614
        }
      ]
    },
    {
      "title": "",
      "media_list_data": [
        
      ],
      "string_list_data": [
        {
          "href": "https://www.instagram.com/bnwern_",
          "value": "bnwern_",
          "timestamp": 1719165613
        }
      ]
    },
    {
      "title": "",
      "media_list_data": [
        
      ],
      "string_list_data": [
        {
          "href": "https://www.instagram.com/llaurenmichel",
          "value": "llaurenmichel",
          "timestamp": 1719165613
        }
      ]
    },
    {
      "title": "",
      "media_list_data": [
        
      ],
      "string_list_data": [
        {
          "href": "https://www.instagram.com/ofir.nagar",
          "value": "ofir.nagar",
          "timestamp": 1719165612
        }
      ]
    },
    {
      "title": "",
      "media_list_data": [
        
      ],
      "string_list_data": [
        {
          "href": "https://www.instagram.com/aaron.harris_",
          "value": "aaron.harris_",
          "timestamp": 1719165612
        }
      ]
    },
    {
      "title": "",
      "media_list_data": [
        
      ],
      "string_list_data": [
        {
          "href": "https://www.instagram.com/samdutton05",
          "value": "samdutton05",
          "timestamp": 1719165611
        }
      ]
    },
    {
      "title": "",
      "media_list_data": [
        
      ],
      "string_list_data": [
        {
          "href": "https://www.instagram.com/leahvashevko",
          "value": "leahvashevko",
          "timestamp": 1719165611
        }
      ]
    },
    {
      "title": "",
      "media_list_data": [
        
      ],
      "string_list_data": [
        {
          "href": "https://www.instagram.com/sam.johnsn",
          "value": "sam.johnsn",
          "timestamp": 1719165610
        }
      ]
    },
    {
      "title": "",
      "media_list_data": [
        
      ],
      "string_list_data": [
        {
          "href": "https://www.instagram.com/jjenafosterr",
          "value": "jjenafosterr",
          "timestamp": 1719165610
        }
      ]
    },
    {
      "title": "",
      "media_list_data": [
        
      ],
      "string_list_data": [
        {
          "href": "https://www.instagram.com/zoe__goldberg",
          "value": "zoe__goldberg",
          "timestamp": 1719165610
        }
      ]
    },
    {
      "title": "",
      "media_list_data": [
        
      ],
      "string_list_data": [
        {
          "href": "https://www.instagram.com/huncho_pat_",
          "value": "huncho_pat_",
          "timestamp": 1719165609
        }
      ]
    },
    {
      "title": "",
      "media_list_data": [
        
      ],
      "string_list_data": [
        {
          "href": "https://www.instagram.com/mick.pic",
          "value": "mick.pic",
          "timestamp": 1719165609
        }
      ]
    },
    {
      "title": "",
      "media_list_data": [
        
      ],
      "string_list_data": [
        {
          "href": "https://www.instagram.com/sarah_burnss_",
          "value": "sarah_burnss_",
          "timestamp": 1719165608
        }
      ]
    },
    {
      "title": "",
      "media_list_data": [
        
      ],
      "string_list_data": [
        {
          "href": "https://www.instagram.com/dannydog3",
          "value": "dannydog3",
          "timestamp": 1719165607
        }
      ]
    },
    {
      "title": "",
      "media_list_data": [
        
      ],
      "string_list_data": [
        {
          "href": "https://www.instagram.com/ben.nasisi",
          "value": "ben.nasisi",
          "timestamp": 1719165607
        }
      ]
    },
    {
      "title": "",
      "media_list_data": [
        
      ],
      "string_list_data": [
        {
          "href": "https://www.instagram.com/eunyoonikim",
          "value": "eunyoonikim",
          "timestamp": 1719165606
        }
      ]
    },
    {
      "title": "",
      "media_list_data": [
        
      ],
      "string_list_data": [
        {
          "href": "https://www.instagram.com/henrypjoyner",
          "value": "henrypjoyner",
          "timestamp": 1717198666
        }
      ]
    },
    {
      "title": "",
      "media_list_data": [
        
      ],
      "string_list_data": [
        {
          "href": "https://www.instagram.com/bijeauandmonrow",
          "value": "bijeauandmonrow",
          "timestamp": 1705455947
        }
      ]
    },
    {
      "title": "",
      "media_list_data": [
        
      ],
      "string_list_data": [
        {
          "href": "https://www.instagram.com/dunca.np",
          "value": "dunca.np",
          "timestamp": 1702517962
        }
      ]
    },
    {
      "title": "",
      "media_list_data": [
        
      ],
      "string_list_data": [
        {
          "href": "https://www.instagram.com/emmacassidy07",
          "value": "emmacassidy07",
          "timestamp": 1702517961
        }
      ]
    },
    {
      "title": "",
      "media_list_data": [
        
      ],
      "string_list_data": [
        {
          "href": "https://www.instagram.com/ouadikha",
          "value": "ouadikha",
          "timestamp": 1701486469
        }
      ]
    },
    {
      "title": "",
      "media_list_data": [
        
      ],
      "string_list_data": [
        {
          "href": "https://www.instagram.com/_sarahwilliamsonn",
          "value": "_sarahwilliamsonn",
          "timestamp": 1701486467
        }
      ]
    },
    {
      "title": "",
      "media_list_data": [
        
      ],
      "string_list_data": [
        {
          "href": "https://www.instagram.com/harrison_testing_",
          "value": "harrison_testing_",
          "timestamp": 1701486466
        }
      ]
    },
    {
      "title": "",
      "media_list_data": [
        
      ],
      "string_list_data": [
        {
          "href": "https://www.instagram.com/andreadehollander",
          "value": "andreadehollander",
          "timestamp": 1701486464
        }
      ]
    },
    {
      "title": "",
      "media_list_data": [
        
      ],
      "string_list_data": [
        {
          "href": "https://www.instagram.com/sloth_is_a_sin",
          "value": "sloth_is_a_sin",
          "timestamp": 1700837559
        }
      ]
    },
    {
      "title": "",
      "media_list_data": [
        
      ],
      "string_list_data": [
        {
          "href": "https://www.instagram.com/ollies_acc_1234",
          "value": "ollies_acc_1234",
          "timestamp": 1700674582
        }
      ]
    },
    {
      "title": "",
      "media_list_data": [
        
      ],
      "string_list_data": [
        {
          "href": "https://www.instagram.com/ralph.waldo_emerson1803",
          "value": "ralph.waldo_emerson1803",
          "timestamp": 1700674579
        }
      ]
    },
    {
      "title": "",
      "media_list_data": [
        
      ],
      "string_list_data": [
        {
          "href": "https://www.instagram.com/mads_abroads",
          "value": "mads_abroads",
          "timestamp": 1700655747
        }
      ]
    },
    {
      "title": "",
      "media_list_data": [
        
      ],
      "string_list_data": [
        {
          "href": "https://www.instagram.com/muffinman1458",
          "value": "muffinman1458",
          "timestamp": 1700655729
        }
      ]
    },
    {
      "title": "",
      "media_list_data": [
        
      ],
      "string_list_data": [
        {
          "href": "https://www.instagram.com/caroline.braccia",
          "value": "caroline.braccia",
          "timestamp": 1700366337
        }
      ]
    },
    {
      "title": "",
      "media_list_data": [
        
      ],
      "string_list_data": [
        {
          "href": "https://www.instagram.com/notthepancakeguy",
          "value": "notthepancakeguy",
          "timestamp": 1698411262
        }
      ]
    },
    {
      "title": "",
      "media_list_data": [
        
      ],
      "string_list_data": [
        {
          "href": "https://www.instagram.com/itskonarsworld",
          "value": "itskonarsworld",
          "timestamp": 1698411260
        }
      ]
    },
    {
      "title": "",
      "media_list_data": [
        
      ],
      "string_list_data": [
        {
          "href": "https://www.instagram.com/ovaloliver0307",
          "value": "ovaloliver0307",
          "timestamp": 1697912556
        }
      ]
    },
    {
      "title": "",
      "media_list_data": [
        
      ],
      "string_list_data": [
        {
          "href": "https://www.instagram.com/longfryguys",
          "value": "longfryguys",
          "timestamp": 1697738785
        }
      ]
    },
    {
      "title": "",
      "media_list_data": [
        
      ],
      "string_list_data": [
        {
          "href": "https://www.instagram.com/abby1022200000",
          "value": "abby1022200000",
          "timestamp": 1697725627
        }
      ]
    },
    {
      "title": "",
      "media_list_data": [
        
      ],
      "string_list_data": [
        {
          "href": "https://www.instagram.com/royxl.empire",
          "value": "royxl.empire",
          "timestamp": 1697588893
        }
      ]
    },
    {
      "title": "",
      "media_list_data": [
        
      ],
      "string_list_data": [
        {
          "href": "https://www.instagram.com/fractyre",
          "value": "fractyre",
          "timestamp": 1697588890
        }
      ]
    },
    {
      "title": "",
      "media_list_data": [
        
      ],
      "string_list_data": [
        {
          "href": "https://www.instagram.com/elite_cuwr_memes",
          "value": "elite_cuwr_memes",
          "timestamp": 1697588888
        }
      ]
    },
    {
      "title": "",
      "media_list_data": [
        
      ],
      "string_list_data": [
        {
          "href": "https://www.instagram.com/simon.a.07",
          "value": "simon.a.07",
          "timestamp": 1697588886
        }
      ]
    },
    {
      "title": "",
      "media_list_data": [
        
      ],
      "string_list_data": [
        {
          "href": "https://www.instagram.com/sideproject95",
          "value": "sideproject95",
          "timestamp": 1697209918
        }
      ]
    },
    {
      "title": "",
      "media_list_data": [
        
      ],
      "string_list_data": [
        {
          "href": "https://www.instagram.com/kennedyjennifer2",
          "value": "kennedyjennifer2",
          "timestamp": 1697162340
        }
      ]
    },
    {
      "title": "",
      "media_list_data": [
        
      ],
      "string_list_data": [
        {
          "href": "https://www.instagram.com/violett.collier",
          "value": "violett.collier",
          "timestamp": 1697025348
        }
      ]
    },
    {
      "title": "",
      "media_list_data": [
        
      ],
      "string_list_data": [
        {
          "href": "https://www.instagram.com/nuttynovices",
          "value": "nuttynovices",
          "timestamp": 1696550082
        }
      ]
    },
    {
      "title": "",
      "media_list_data": [
        
      ],
      "string_list_data": [
        {
          "href": "https://www.instagram.com/arin_mande",
          "value": "arin_mande",
          "timestamp": 1696428073
        }
      ]
    },
    {
      "title": "",
      "media_list_data": [
        
      ],
      "string_list_data": [
        {
          "href": "https://www.instagram.com/annapaisleygray",
          "value": "annapaisleygray",
          "timestamp": 1696174858
        }
      ]
    },
    {
      "title": "",
      "media_list_data": [
        
      ],
      "string_list_data": [
        {
          "href": "https://www.instagram.com/therealannapaisleygray",
          "value": "therealannapaisleygray",
          "timestamp": 1696174836
        }
      ]
    },
    {
      "title": "",
      "media_list_data": [
        
      ],
      "string_list_data": [
        {
          "href": "https://www.instagram.com/annapgray1",
          "value": "annapgray1",
          "timestamp": 1696174779
        }
      ]
    },
    {
      "title": "",
      "media_list_data": [
        
      ],
      "string_list_data": [
        {
          "href": "https://www.instagram.com/car0line_mcginn",
          "value": "car0line_mcginn",
          "timestamp": 1695044092
        }
      ]
    },
    {
      "title": "",
      "media_list_data": [
        
      ],
      "string_list_data": [
        {
          "href": "https://www.instagram.com/bianca_desimone_dance",
          "value": "bianca_desimone_dance",
          "timestamp": 1695044087
        }
      ]
    },
    {
      "title": "",
      "media_list_data": [
        
      ],
      "string_list_data": [
        {
          "href": "https://www.instagram.com/cara_aronowitz",
          "value": "cara_aronowitz",
          "timestamp": 1694046215
        }
      ]
    },
    {
      "title": "",
      "media_list_data": [
        
      ],
      "string_list_data": [
        {
          "href": "https://www.instagram.com/peter.fr0st",
          "value": "peter.fr0st",
          "timestamp": 1694045347
        }
      ]
    },
    {
      "title": "",
      "media_list_data": [
        
      ],
      "string_list_data": [
        {
          "href": "https://www.instagram.com/morpintorudge",
          "value": "morpintorudge",
          "timestamp": 1694045336
        }
      ]
    },
    {
      "title": "",
      "media_list_data": [
        
      ],
      "string_list_data": [
        {
          "href": "https://www.instagram.com/prof_claire_menard",
          "value": "prof_claire_menard",
          "timestamp": 1694024034
        }
      ]
    },
    {
      "title": "",
      "media_list_data": [
        
      ],
      "string_list_data": [
        {
          "href": "https://www.instagram.com/girldinnerr",
          "value": "girldinnerr",
          "timestamp": 1690776290
        }
      ]
    },
    {
      "title": "",
      "media_list_data": [
        
      ],
      "string_list_data": [
        {
          "href": "https://www.instagram.com/the_big_double_hh",
          "value": "the_big_double_hh",
          "timestamp": 1690776289
        }
      ]
    },
    {
      "title": "",
      "media_list_data": [
        
      ],
      "string_list_data": [
        {
          "href": "https://www.instagram.com/malcolm_s._",
          "value": "malcolm_s._",
          "timestamp": 1690776284
        }
      ]
    },
    {
      "title": "",
      "media_list_data": [
        
      ],
      "string_list_data": [
        {
          "href": "https://www.instagram.com/korbinian.parnell",
          "value": "korbinian.parnell",
          "timestamp": 1690776283
        }
      ]
    },
    {
      "title": "",
      "media_list_data": [
        
      ],
      "string_list_data": [
        {
          "href": "https://www.instagram.com/izabellaaramos",
          "value": "izabellaaramos",
          "timestamp": 1690629379
        }
      ]
    },
    {
      "title": "",
      "media_list_data": [
        
      ],
      "string_list_data": [
        {
          "href": "https://www.instagram.com/weisnerjosh",
          "value": "weisnerjosh",
          "timestamp": 1690629372
        }
      ]
    },
    {
      "title": "",
      "media_list_data": [
        
      ],
      "string_list_data": [
        {
          "href": "https://www.instagram.com/kimkardashian",
          "value": "kimkardashian",
          "timestamp": 1689437378
        }
      ]
    },
    {
      "title": "",
      "media_list_data": [
        
      ],
      "string_list_data": [
        {
          "href": "https://www.instagram.com/sambihnofc",
          "value": "sambihnofc",
          "timestamp": 1684419972
        }
      ]
    },
    {
      "title": "",
      "media_list_data": [
        
      ],
      "string_list_data": [
        {
          "href": "https://www.instagram.com/keepin_it_real9",
          "value": "keepin_it_real9",
          "timestamp": 1684419971
        }
      ]
    },
    {
      "title": "",
      "media_list_data": [
        
      ],
      "string_list_data": [
        {
          "href": "https://www.instagram.com/sexsymbol.2024",
          "value": "sexsymbol.2024",
          "timestamp": 1682742438
        }
      ]
    },
    {
      "title": "",
      "media_list_data": [
        
      ],
      "string_list_data": [
        {
          "href": "https://www.instagram.com/helenisinsaneatfortnite",
          "value": "helenisinsaneatfortnite",
          "timestamp": 1672687738
        }
      ]
    },
    {
      "title": "",
      "media_list_data": [
        
      ],
      "string_list_data": [
        {
          "href": "https://www.instagram.com/stevedaniel_69",
          "value": "stevedaniel_69",
          "timestamp": 1672687736
        }
      ]
    },
    {
      "title": "",
      "media_list_data": [
        
      ],
      "string_list_data": [
        {
          "href": "https://www.instagram.com/adin_724",
          "value": "adin_724",
          "timestamp": 1672687734
        }
      ]
    },
    {
      "title": "",
      "media_list_data": [
        
      ],
      "string_list_data": [
        {
          "href": "https://www.instagram.com/su11y_84",
          "value": "su11y_84",
          "timestamp": 1672687732
        }
      ]
    },
    {
      "title": "",
      "media_list_data": [
        
      ],
      "string_list_data": [
        {
          "href": "https://www.instagram.com/noluvromani",
          "value": "noluvromani",
          "timestamp": 1669800506
        }
      ]
    },
    {
      "title": "",
      "media_list_data": [
        
      ],
      "string_list_data": [
        {
          "href": "https://www.instagram.com/user.63882929628",
          "value": "user.63882929628",
          "timestamp": 1666875977
        }
      ]
    },
    {
      "title": "",
      "media_list_data": [
        
      ],
      "string_list_data": [
        {
          "href": "https://www.instagram.com/sarayyy.hdz",
          "value": "sarayyy.hdz",
          "timestamp": 1658360041
        }
      ]
    },
    {
      "title": "",
      "media_list_data": [
        
      ],
      "string_list_data": [
        {
          "href": "https://www.instagram.com/d_j706",
          "value": "d_j706",
          "timestamp": 1648781821
        }
      ]
    },
    {
      "title": "",
      "media_list_data": [
        
      ],
      "string_list_data": [
        {
          "href": "https://www.instagram.com/michael_the_sun",
          "value": "michael_the_sun",
          "timestamp": 1648553950
        }
      ]
    },
    {
      "title": "",
      "media_list_data": [
        
      ],
      "string_list_data": [
        {
          "href": "https://www.instagram.com/yonikliftbigrock",
          "value": "yonikliftbigrock",
          "timestamp": 1648553925
        }
      ]
    },
    {
      "title": "",
      "media_list_data": [
        
      ],
      "string_list_data": [
        {
          "href": "https://www.instagram.com/hbkt.unfiltered",
          "value": "hbkt.unfiltered",
          "timestamp": 1648553830
        }
      ]
    },
    {
      "title": "",
      "media_list_data": [
        
      ],
      "string_list_data": [
        {
          "href": "https://www.instagram.com/rezan5920",
          "value": "rezan5920",
          "timestamp": 1643921365
        }
      ]
    },
    {
      "title": "",
      "media_list_data": [
        
      ],
      "string_list_data": [
        {
          "href": "https://www.instagram.com/craig_williams_fitness",
          "value": "craig_williams_fitness",
          "timestamp": 1643036401
        }
      ]
    },
    {
      "title": "",
      "media_list_data": [
        
      ],
      "string_list_data": [
        {
          "href": "https://www.instagram.com/alexchimiequipo",
          "value": "alexchimiequipo",
          "timestamp": 1639932365
        }
      ]
    },
    {
      "title": "",
      "media_list_data": [
        
      ],
      "string_list_data": [
        {
          "href": "https://www.instagram.com/abbmooste",
          "value": "abbmooste",
          "timestamp": 1639402377
        }
      ]
    },
    {
      "title": "",
      "media_list_data": [
        
      ],
      "string_list_data": [
        {
          "href": "https://www.instagram.com/droppasreels",
          "value": "droppasreels",
          "timestamp": 1639402336
        }
      ]
    },
    {
      "title": "",
      "media_list_data": [
        
      ],
      "string_list_data": [
        {
          "href": "https://www.instagram.com/cumfrence_",
          "value": "cumfrence_",
          "timestamp": 1639402326
        }
      ]
    },
    {
      "title": "",
      "media_list_data": [
        
      ],
      "string_list_data": [
        {
          "href": "https://www.instagram.com/kina0__0",
          "value": "kina0__0",
          "timestamp": 1639398304
        }
      ]
    },
    {
      "title": "",
      "media_list_data": [
        
      ],
      "string_list_data": [
        {
          "href": "https://www.instagram.com/annacooksthings",
          "value": "annacooksthings",
          "timestamp": 1639279556
        }
      ]
    },
    {
      "title": "",
      "media_list_data": [
        
      ],
      "string_list_data": [
        {
          "href": "https://www.instagram.com/cathy_porcaro",
          "value": "cathy_porcaro",
          "timestamp": 1638507670
        }
      ]
    },
    {
      "title": "",
      "media_list_data": [
        
      ],
      "string_list_data": [
        {
          "href": "https://www.instagram.com/ianleonard7",
          "value": "ianleonard7",
          "timestamp": 1637335256
        }
      ]
    },
    {
      "title": "",
      "media_list_data": [
        
      ],
      "string_list_data": [
        {
          "href": "https://www.instagram.com/burnerburner_b",
          "value": "burnerburner_b",
          "timestamp": 1636511668
        }
      ]
    },
    {
      "title": "",
      "media_list_data": [
        
      ],
      "string_list_data": [
        {
          "href": "https://www.instagram.com/bellamoller_",
          "value": "bellamoller_",
          "timestamp": 1633921607
        }
      ]
    },
    {
      "title": "",
      "media_list_data": [
        
      ],
      "string_list_data": [
        {
          "href": "https://www.instagram.com/katrinakaif",
          "value": "katrinakaif",
          "timestamp": 1633398209
        }
      ]
    },
    {
      "title": "",
      "media_list_data": [
        
      ],
      "string_list_data": [
        {
          "href": "https://www.instagram.com/zuhaali15",
          "value": "zuhaali15",
          "timestamp": 1632913576
        }
      ]
    },
    {
      "title": "",
      "media_list_data": [
        
      ],
      "string_list_data": [
        {
          "href": "https://www.instagram.com/big_tony_williams",
          "value": "big_tony_williams",
          "timestamp": 1632913574
        }
      ]
    },
    {
      "title": "",
      "media_list_data": [
        
      ],
      "string_list_data": [
        {
          "href": "https://www.instagram.com/maren.giambanco",
          "value": "maren.giambanco",
          "timestamp": 1632913568
        }
      ]
    },
    {
      "title": "",
      "media_list_data": [
        
      ],
      "string_list_data": [
        {
          "href": "https://www.instagram.com/bramz04",
          "value": "bramz04",
          "timestamp": 1631492406
        }
      ]
    },
    {
      "title": "",
      "media_list_data": [
        
      ],
      "string_list_data": [
        {
          "href": "https://www.instagram.com/_kiran.bajaj",
          "value": "_kiran.bajaj",
          "timestamp": 1631383391
        }
      ]
    },
    {
      "title": "",
      "media_list_data": [
        
      ],
      "string_list_data": [
        {
          "href": "https://www.instagram.com/fahran_bajaj",
          "value": "fahran_bajaj",
          "timestamp": 1631383356
        }
      ]
    },
    {
      "title": "",
      "media_list_data": [
        
      ],
      "string_list_data": [
        {
          "href": "https://www.instagram.com/hedi.skali",
          "value": "hedi.skali",
          "timestamp": 1631383350
        }
      ]
    },
    {
      "title": "",
      "media_list_data": [
        
      ],
      "string_list_data": [
        {
          "href": "https://www.instagram.com/pmshea2004",
          "value": "pmshea2004",
          "timestamp": 1631383343
        }
      ]
    },
    {
      "title": "",
      "media_list_data": [
        
      ],
      "string_list_data": [
        {
          "href": "https://www.instagram.com/ari_notsorryy",
          "value": "ari_notsorryy",
          "timestamp": 1631063780
        }
      ]
    },
    {
      "title": "",
      "media_list_data": [
        
      ],
      "string_list_data": [
        {
          "href": "https://www.instagram.com/tallulahperez",
          "value": "tallulahperez",
          "timestamp": 1631063775
        }
      ]
    },
    {
      "title": "",
      "media_list_data": [
        
      ],
      "string_list_data": [
        {
          "href": "https://www.instagram.com/alextmatsuyasu",
          "value": "alextmatsuyasu",
          "timestamp": 1631046135
        }
      ]
    },
    {
      "title": "",
      "media_list_data": [
        
      ],
      "string_list_data": [
        {
          "href": "https://www.instagram.com/banjo_kazooies",
          "value": "banjo_kazooies",
          "timestamp": 1631046096
        }
      ]
    },
    {
      "title": "",
      "media_list_data": [
        
      ],
      "string_list_data": [
        {
          "href": "https://www.instagram.com/isabellz.bianchi",
          "value": "isabellz.bianchi",
          "timestamp": 1631046092
        }
      ]
    },
    {
      "title": "",
      "media_list_data": [
        
      ],
      "string_list_data": [
        {
          "href": "https://www.instagram.com/lisa.muusik",
          "value": "lisa.muusik",
          "timestamp": 1630934169
        }
      ]
    },
    {
      "title": "",
      "media_list_data": [
        
      ],
      "string_list_data": [
        {
          "href": "https://www.instagram.com/poogie_poog",
          "value": "poogie_poog",
          "timestamp": 1630934164
        }
      ]
    },
    {
      "title": "",
      "media_list_data": [
        
      ],
      "string_list_data": [
        {
          "href": "https://www.instagram.com/nshs.hhp",
          "value": "nshs.hhp",
          "timestamp": 1630934155
        }
      ]
    },
    {
      "title": "",
      "media_list_data": [
        
      ],
      "string_list_data": [
        {
          "href": "https://www.instagram.com/marcosgonzalez2105",
          "value": "marcosgonzalez2105",
          "timestamp": 1630934126
        }
      ]
    },
    {
      "title": "",
      "media_list_data": [
        
      ],
      "string_list_data": [
        {
          "href": "https://www.instagram.com/thepollingplacema",
          "value": "thepollingplacema",
          "timestamp": 1630934121
        }
      ]
    },
    {
      "title": "",
      "media_list_data": [
        
      ],
      "string_list_data": [
        {
          "href": "https://www.instagram.com/nshsperspectives",
          "value": "nshsperspectives",
          "timestamp": 1630934118
        }
      ]
    },
    {
      "title": "",
      "media_list_data": [
        
      ],
      "string_list_data": [
        {
          "href": "https://www.instagram.com/matthewsmelson",
          "value": "matthewsmelson",
          "timestamp": 1630934105
        }
      ]
    },
    {
      "title": "",
      "media_list_data": [
        
      ],
      "string_list_data": [
        {
          "href": "https://www.instagram.com/duncan.e.h",
          "value": "duncan.e.h",
          "timestamp": 1630934079
        }
      ]
    },
    {
      "title": "",
      "media_list_data": [
        
      ],
      "string_list_data": [
        {
          "href": "https://www.instagram.com/not_communism",
          "value": "not_communism",
          "timestamp": 1630934056
        }
      ]
    },
    {
      "title": "",
      "media_list_data": [
        
      ],
      "string_list_data": [
        {
          "href": "https://www.instagram.com/matthew_w0lf",
          "value": "matthew_w0lf",
          "timestamp": 1630934047
        }
      ]
    },
    {
      "title": "",
      "media_list_data": [
        
      ],
      "string_list_data": [
        {
          "href": "https://www.instagram.com/brenna_walp",
          "value": "brenna_walp",
          "timestamp": 1630934030
        }
      ]
    },
    {
      "title": "",
      "media_list_data": [
        
      ],
      "string_list_data": [
        {
          "href": "https://www.instagram.com/henrymoller5",
          "value": "henrymoller5",
          "timestamp": 1630934019
        }
      ]
    },
    {
      "title": "",
      "media_list_data": [
        
      ],
      "string_list_data": [
        {
          "href": "https://www.instagram.com/sophie_berger09",
          "value": "sophie_berger09",
          "timestamp": 1630877330
        }
      ]
    },
    {
      "title": "",
      "media_list_data": [
        
      ],
      "string_list_data": [
        {
          "href": "https://www.instagram.com/julianmendezzz",
          "value": "julianmendezzz",
          "timestamp": 1630877324
        }
      ]
    },
    {
      "title": "",
      "media_list_data": [
        
      ],
      "string_list_data": [
        {
          "href": "https://www.instagram.com/nel_pics",
          "value": "nel_pics",
          "timestamp": 1630877276
        }
      ]
    },
    {
      "title": "",
      "media_list_data": [
        
      ],
      "string_list_data": [
        {
          "href": "https://www.instagram.com/sophiewillins",
          "value": "sophiewillins",
          "timestamp": 1630874981
        }
      ]
    },
    {
      "title": "",
      "media_list_data": [
        
      ],
      "string_list_data": [
        {
          "href": "https://www.instagram.com/keepingupwithsnk",
          "value": "keepingupwithsnk",
          "timestamp": 1630874979
        }
      ]
    },
    {
      "title": "",
      "media_list_data": [
        
      ],
      "string_list_data": [
        {
          "href": "https://www.instagram.com/_mmmeh_",
          "value": "_mmmeh_",
          "timestamp": 1630874958
        }
      ]
    },
    {
      "title": "",
      "media_list_data": [
        
      ],
      "string_list_data": [
        {
          "href": "https://www.instagram.com/noramolten",
          "value": "noramolten",
          "timestamp": 1630874929
        }
      ]
    },
    {
      "title": "",
      "media_list_data": [
        
      ],
      "string_list_data": [
        {
          "href": "https://www.instagram.com/danbahar1",
          "value": "danbahar1",
          "timestamp": 1630693697
        }
      ]
    },
    {
      "title": "",
      "media_list_data": [
        
      ],
      "string_list_data": [
        {
          "href": "https://www.instagram.com/hey_its_ariiiiii",
          "value": "hey_its_ariiiiii",
          "timestamp": 1630619377
        }
      ]
    },
    {
      "title": "",
      "media_list_data": [
        
      ],
      "string_list_data": [
        {
          "href": "https://www.instagram.com/michaellezh_photo",
          "value": "michaellezh_photo",
          "timestamp": 1630619355
        }
      ]
    },
    {
      "title": "",
      "media_list_data": [
        
      ],
      "string_list_data": [
        {
          "href": "https://www.instagram.com/jlibb3",
          "value": "jlibb3",
          "timestamp": 1630619355
        }
      ]
    },
    {
      "title": "",
      "media_list_data": [
        
      ],
      "string_list_data": [
        {
          "href": "https://www.instagram.com/akshay.ramana",
          "value": "akshay.ramana",
          "timestamp": 1630460077
        }
      ]
    },
    {
      "title": "",
      "media_list_data": [
        
      ],
      "string_list_data": [
        {
          "href": "https://www.instagram.com/mmmmayaaaaaaayaya",
          "value": "mmmmayaaaaaaayaya",
          "timestamp": 1630368042
        }
      ]
    },
    {
      "title": "",
      "media_list_data": [
        
      ],
      "string_list_data": [
        {
          "href": "https://www.instagram.com/guwalla.ent",
          "value": "guwalla.ent",
          "timestamp": 1630368038
        }
      ]
    },
    {
      "title": "",
      "media_list_data": [
        
      ],
      "string_list_data": [
        {
          "href": "https://www.instagram.com/hellocookiestore",
          "value": "hellocookiestore",
          "timestamp": 1629753283
        }
      ]
    },
    {
      "title": "",
      "media_list_data": [
        
      ],
      "string_list_data": [
        {
          "href": "https://www.instagram.com/vladmartinez5",
          "value": "vladmartinez5",
          "timestamp": 1629390670
        }
      ]
    },
    {
      "title": "",
      "media_list_data": [
        
      ],
      "string_list_data": [
        {
          "href": "https://www.instagram.com/arigolod",
          "value": "arigolod",
          "timestamp": 1629390655
        }
      ]
    },
    {
      "title": "",
      "media_list_data": [
        
      ],
      "string_list_data": [
        {
          "href": "https://www.instagram.com/sabrina_in_bread",
          "value": "sabrina_in_bread",
          "timestamp": 1628463110
        }
      ]
    },
    {
      "title": "",
      "media_list_data": [
        
      ],
      "string_list_data": [
        {
          "href": "https://www.instagram.com/mdawg159",
          "value": "mdawg159",
          "timestamp": 1623159158
        }
      ]
    },
    {
      "title": "",
      "media_list_data": [
        
      ],
      "string_list_data": [
        {
          "href": "https://www.instagram.com/nadia.walker",
          "value": "nadia.walker",
          "timestamp": 1622928101
        }
      ]
    },
    {
      "title": "",
      "media_list_data": [
        
      ],
      "string_list_data": [
        {
          "href": "https://www.instagram.com/sydneykellss",
          "value": "sydneykellss",
          "timestamp": 1621873328
        }
      ]
    },
    {
      "title": "",
      "media_list_data": [
        
      ],
      "string_list_data": [
        {
          "href": "https://www.instagram.com/sravyyaa_",
          "value": "sravyyaa_",
          "timestamp": 1621873325
        }
      ]
    },
    {
      "title": "",
      "media_list_data": [
        
      ],
      "string_list_data": [
        {
          "href": "https://www.instagram.com/n0rafine",
          "value": "n0rafine",
          "timestamp": 1620136347
        }
      ]
    },
    {
      "title": "",
      "media_list_data": [
        
      ],
      "string_list_data": [
        {
          "href": "https://www.instagram.com/danamalsstrawberry",
          "value": "danamalsstrawberry",
          "timestamp": 1619461742
        }
      ]
    },
    {
      "title": "",
      "media_list_data": [
        
      ],
      "string_list_data": [
        {
          "href": "https://www.instagram.com/special_k1300",
          "value": "special_k1300",
          "timestamp": 1619204315
        }
      ]
    },
    {
      "title": "",
      "media_list_data": [
        
      ],
      "string_list_data": [
        {
          "href": "https://www.instagram.com/avahowell11",
          "value": "avahowell11",
          "timestamp": 1619137537
        }
      ]
    },
    {
      "title": "",
      "media_list_data": [
        
      ],
      "string_list_data": [
        {
          "href": "https://www.instagram.com/anne.aikaa",
          "value": "anne.aikaa",
          "timestamp": 1618887441
        }
      ]
    },
    {
      "title": "",
      "media_list_data": [
        
      ],
      "string_list_data": [
        {
          "href": "https://www.instagram.com/raw.bee.f.leck",
          "value": "raw.bee.f.leck",
          "timestamp": 1618413557
        }
      ]
    },
    {
      "title": "",
      "media_list_data": [
        
      ],
      "string_list_data": [
        {
          "href": "https://www.instagram.com/iheartdinonuggs",
          "value": "iheartdinonuggs",
          "timestamp": 1617979190
        }
      ]
    },
    {
      "title": "",
      "media_list_data": [
        
      ],
      "string_list_data": [
        {
          "href": "https://www.instagram.com/jjdog05",
          "value": "jjdog05",
          "timestamp": 1617413958
        }
      ]
    },
    {
      "title": "",
      "media_list_data": [
        
      ],
      "string_list_data": [
        {
          "href": "https://www.instagram.com/gabriellazaff",
          "value": "gabriellazaff",
          "timestamp": 1617212043
        }
      ]
    },
    {
      "title": "",
      "media_list_data": [
        
      ],
      "string_list_data": [
        {
          "href": "https://www.instagram.com/aeden.k88",
          "value": "aeden.k88",
          "timestamp": 1617212041
        }
      ]
    },
    {
      "title": "",
      "media_list_data": [
        
      ],
      "string_list_data": [
        {
          "href": "https://www.instagram.com/emenike.two",
          "value": "emenike.two",
          "timestamp": 1615475795
        }
      ]
    },
    {
      "title": "",
      "media_list_data": [
        
      ],
      "string_list_data": [
        {
          "href": "https://www.instagram.com/rubenthecubann",
          "value": "rubenthecubann",
          "timestamp": 1615475793
        }
      ]
    },
    {
      "title": "",
      "media_list_data": [
        
      ],
      "string_list_data": [
        {
          "href": "https://www.instagram.com/frankliuyc",
          "value": "frankliuyc",
          "timestamp": 1615475788
        }
      ]
    },
    {
      "title": "",
      "media_list_data": [
        
      ],
      "string_list_data": [
        {
          "href": "https://www.instagram.com/_janani_g",
          "value": "_janani_g",
          "timestamp": 1615475785
        }
      ]
    },
    {
      "title": "",
      "media_list_data": [
        
      ],
      "string_list_data": [
        {
          "href": "https://www.instagram.com/lilyycarino",
          "value": "lilyycarino",
          "timestamp": 1614171941
        }
      ]
    },
    {
      "title": "",
      "media_list_data": [
        
      ],
      "string_list_data": [
        {
          "href": "https://www.instagram.com/tanyaaaa68",
          "value": "tanyaaaa68",
          "timestamp": 1613950069
        }
      ]
    },
    {
      "title": "",
      "media_list_data": [
        
      ],
      "string_list_data": [
        {
          "href": "https://www.instagram.com/sweet_life_of_millie.lynne",
          "value": "sweet_life_of_millie.lynne",
          "timestamp": 1613950068
        }
      ]
    },
    {
      "title": "",
      "media_list_data": [
        
      ],
      "string_list_data": [
        {
          "href": "https://www.instagram.com/merio.talvitie",
          "value": "merio.talvitie",
          "timestamp": 1613845963
        }
      ]
    },
    {
      "title": "",
      "media_list_data": [
        
      ],
      "string_list_data": [
        {
          "href": "https://www.instagram.com/ilana.sky",
          "value": "ilana.sky",
          "timestamp": 1613614170
        }
      ]
    },
    {
      "title": "",
      "media_list_data": [
        
      ],
      "string_list_data": [
        {
          "href": "https://www.instagram.com/ceedumpsss",
          "value": "ceedumpsss",
          "timestamp": 1613614165
        }
      ]
    },
    {
      "title": "",
      "media_list_data": [
        
      ],
      "string_list_data": [
        {
          "href": "https://www.instagram.com/el.diablo55",
          "value": "el.diablo55",
          "timestamp": 1613231977
        }
      ]
    },
    {
      "title": "",
      "media_list_data": [
        
      ],
      "string_list_data": [
        {
          "href": "https://www.instagram.com/christi.ne.corcorcorcoran",
          "value": "christi.ne.corcorcorcoran",
          "timestamp": 1611285844
        }
      ]
    },
    {
      "title": "",
      "media_list_data": [
        
      ],
      "string_list_data": [
        {
          "href": "https://www.instagram.com/melissa.shang",
          "value": "melissa.shang",
          "timestamp": 1599801385
        }
      ]
    },
    {
      "title": "",
      "media_list_data": [
        
      ],
      "string_list_data": [
        {
          "href": "https://www.instagram.com/amandamintzz",
          "value": "amandamintzz",
          "timestamp": 1599666763
        }
      ]
    },
    {
      "title": "",
      "media_list_data": [
        
      ],
      "string_list_data": [
        {
          "href": "https://www.instagram.com/isa.bonegio27",
          "value": "isa.bonegio27",
          "timestamp": 1578231324
        }
      ]
    },
    {
      "title": "",
      "media_list_data": [
        
      ],
      "string_list_data": [
        {
          "href": "https://www.instagram.com/zach.meurer",
          "value": "zach.meurer",
          "timestamp": 1568161415
        }
      ]
    },
    {
      "title": "",
      "media_list_data": [
        
      ],
      "string_list_data": [
        {
          "href": "https://www.instagram.com/nickyfresh04_",
          "value": "nickyfresh04_",
          "timestamp": 1567212972
        }
      ]
    },
    {
      "title": "",
      "media_list_data": [
        
      ],
      "string_list_data": [
        {
          "href": "https://www.instagram.com/burgerproductionsv1",
          "value": "burgerproductionsv1",
          "timestamp": 1567212971
        }
      ]
    },
    {
      "title": "",
      "media_list_data": [
        
      ],
      "string_list_data": [
        {
          "href": "https://www.instagram.com/odysseus.and.friends",
          "value": "odysseus.and.friends",
          "timestamp": 1567212970
        }
      ]
    },
    {
      "title": "",
      "media_list_data": [
        
      ],
      "string_list_data": [
        {
          "href": "https://www.instagram.com/tmanch_",
          "value": "tmanch_",
          "timestamp": 1567212970
        }
      ]
    },
    {
      "title": "",
      "media_list_data": [
        
      ],
      "string_list_data": [
        {
          "href": "https://www.instagram.com/skin.boisturizer",
          "value": "skin.boisturizer",
          "timestamp": 1567212969
        }
      ]
    },
    {
      "title": "",
      "media_list_data": [
        
      ],
      "string_list_data": [
        {
          "href": "https://www.instagram.com/erezkeler",
          "value": "erezkeler",
          "timestamp": 1567212969
        }
      ]
    },
    {
      "title": "",
      "media_list_data": [
        
      ],
      "string_list_data": [
        {
          "href": "https://www.instagram.com/sofiaepuig",
          "value": "sofiaepuig",
          "timestamp": 1567212968
        }
      ]
    },
    {
      "title": "",
      "media_list_data": [
        
      ],
      "string_list_data": [
        {
          "href": "https://www.instagram.com/bagel103",
          "value": "bagel103",
          "timestamp": 1567212968
        }
      ]
    },
    {
      "title": "",
      "media_list_data": [
        
      ],
      "string_list_data": [
        {
          "href": "https://www.instagram.com/victoria_vocals",
          "value": "victoria_vocals",
          "timestamp": 1567212967
        }
      ]
    },
    {
      "title": "",
      "media_list_data": [
        
      ],
      "string_list_data": [
        {
          "href": "https://www.instagram.com/joseph_toyias_fanpage",
          "value": "joseph_toyias_fanpage",
          "timestamp": 1567212966
        }
      ]
    },
    {
      "title": "",
      "media_list_data": [
        
      ],
      "string_list_data": [
        {
          "href": "https://www.instagram.com/miasheyner",
          "value": "miasheyner",
          "timestamp": 1567212966
        }
      ]
    },
    {
      "title": "",
      "media_list_data": [
        
      ],
      "string_list_data": [
        {
          "href": "https://www.instagram.com/chris__menz",
          "value": "chris__menz",
          "timestamp": 1567212965
        }
      ]
    },
    {
      "title": "",
      "media_list_data": [
        
      ],
      "string_list_data": [
        {
          "href": "https://www.instagram.com/adamrubin1",
          "value": "adamrubin1",
          "timestamp": 1567212963
        }
      ]
    },
    {
      "title": "",
      "media_list_data": [
        
      ],
      "string_list_data": [
        {
          "href": "https://www.instagram.com/kenjiwalker_",
          "value": "kenjiwalker_",
          "timestamp": 1567212962
        }
      ]
    },
    {
      "title": "",
      "media_list_data": [
        
      ],
      "string_list_data": [
        {
          "href": "https://www.instagram.com/thomaskamberidis",
          "value": "thomaskamberidis",
          "timestamp": 1567212961
        }
      ]
    },
    {
      "title": "",
      "media_list_data": [
        
      ],
      "string_list_data": [
        {
          "href": "https://www.instagram.com/_juliawalsh",
          "value": "_juliawalsh",
          "timestamp": 1567212961
        }
      ]
    },
    {
      "title": "",
      "media_list_data": [
        
      ],
      "string_list_data": [
        {
          "href": "https://www.instagram.com/katerinaboschetti",
          "value": "katerinaboschetti",
          "timestamp": 1567212960
        }
      ]
    },
    {
      "title": "",
      "media_list_data": [
        
      ],
      "string_list_data": [
        {
          "href": "https://www.instagram.com/shveni.k",
          "value": "shveni.k",
          "timestamp": 1567212960
        }
      ]
    },
    {
      "title": "",
      "media_list_data": [
        
      ],
      "string_list_data": [
        {
          "href": "https://www.instagram.com/galerie.voldstein",
          "value": "galerie.voldstein",
          "timestamp": 1567212959
        }
      ]
    },
    {
      "title": "",
      "media_list_data": [
        
      ],
      "string_list_data": [
        {
          "href": "https://www.instagram.com/tashnagarajan",
          "value": "tashnagarajan",
          "timestamp": 1567212959
        }
      ]
    },
    {
      "title": "",
      "media_list_data": [
        
      ],
      "string_list_data": [
        {
          "href": "https://www.instagram.com/ethankim65",
          "value": "ethankim65",
          "timestamp": 1567212958
        }
      ]
    },
    {
      "title": "",
      "media_list_data": [
        
      ],
      "string_list_data": [
        {
          "href": "https://www.instagram.com/panayiotikamberidis",
          "value": "panayiotikamberidis",
          "timestamp": 1567212957
        }
      ]
    },
    {
      "title": "",
      "media_list_data": [
        
      ],
      "string_list_data": [
        {
          "href": "https://www.instagram.com/aujiki",
          "value": "aujiki",
          "timestamp": 1567212957
        }
      ]
    },
    {
      "title": "",
      "media_list_data": [
        
      ],
      "string_list_data": [
        {
          "href": "https://www.instagram.com/_kate_butts",
          "value": "_kate_butts",
          "timestamp": 1567212956
        }
      ]
    },
    {
      "title": "",
      "media_list_data": [
        
      ],
      "string_list_data": [
        {
          "href": "https://www.instagram.com/horny_66pm",
          "value": "horny_66pm",
          "timestamp": 1567212955
        }
      ]
    },
    {
      "title": "",
      "media_list_data": [
        
      ],
      "string_list_data": [
        {
          "href": "https://www.instagram.com/robby_drawz",
          "value": "robby_drawz",
          "timestamp": 1567212955
        }
      ]
    },
    {
      "title": "",
      "media_list_data": [
        
      ],
      "string_list_data": [
        {
          "href": "https://www.instagram.com/graceezhouu",
          "value": "graceezhouu",
          "timestamp": 1567212954
        }
      ]
    },
    {
      "title": "",
      "media_list_data": [
        
      ],
      "string_list_data": [
        {
          "href": "https://www.instagram.com/thelotusofficial",
          "value": "thelotusofficial",
          "timestamp": 1567212953
        }
      ]
    },
    {
      "title": "",
      "media_list_data": [
        
      ],
      "string_list_data": [
        {
          "href": "https://www.instagram.com/nybc.elite",
          "value": "nybc.elite",
          "timestamp": 1567212953
        }
      ]
    },
    {
      "title": "",
      "media_list_data": [
        
      ],
      "string_list_data": [
        {
          "href": "https://www.instagram.com/__marke",
          "value": "__marke",
          "timestamp": 1567212952
        }
      ]
    },
    {
      "title": "",
      "media_list_data": [
        
      ],
      "string_list_data": [
        {
          "href": "https://www.instagram.com/eszter.gyu",
          "value": "eszter.gyu",
          "timestamp": 1567212952
        }
      ]
    },
    {
      "title": "",
      "media_list_data": [
        
      ],
      "string_list_data": [
        {
          "href": "https://www.instagram.com/nicolasjava99",
          "value": "nicolasjava99",
          "timestamp": 1567212951
        }
      ]
    },
    {
      "title": "",
      "media_list_data": [
        
      ],
      "string_list_data": [
        {
          "href": "https://www.instagram.com/keaton__sullivan",
          "value": "keaton__sullivan",
          "timestamp": 1567212950
        }
      ]
    },
    {
      "title": "",
      "media_list_data": [
        
      ],
      "string_list_data": [
        {
          "href": "https://www.instagram.com/alexandriakuo",
          "value": "alexandriakuo",
          "timestamp": 1567212950
        }
      ]
    },
    {
      "title": "",
      "media_list_data": [
        
      ],
      "string_list_data": [
        {
          "href": "https://www.instagram.com/jtarlie",
          "value": "jtarlie",
          "timestamp": 1567212949
        }
      ]
    },
    {
      "title": "",
      "media_list_data": [
        
      ],
      "string_list_data": [
        {
          "href": "https://www.instagram.com/flannery.logan",
          "value": "flannery.logan",
          "timestamp": 1567212948
        }
      ]
    },
    {
      "title": "",
      "media_list_data": [
        
      ],
      "string_list_data": [
        {
          "href": "https://www.instagram.com/bnktiktok",
          "value": "bnktiktok",
          "timestamp": 1567212947
        }
      ]
    },
    {
      "title": "",
      "media_list_data": [
        
      ],
      "string_list_data": [
        {
          "href": "https://www.instagram.com/sawyer.cohen",
          "value": "sawyer.cohen",
          "timestamp": 1553725099
        }
      ]
    },
    {
      "title": "",
      "media_list_data": [
        
      ],
      "string_list_data": [
        {
          "href": "https://www.instagram.com/gaba.burdan",
          "value": "gaba.burdan",
          "timestamp": 1553725098
        }
      ]
    },
    {
      "title": "",
      "media_list_data": [
        
      ],
      "string_list_data": [
        {
          "href": "https://www.instagram.com/amymstaunton",
          "value": "amymstaunton",
          "timestamp": 1553725098
        }
      ]
    },
    {
      "title": "",
      "media_list_data": [
        
      ],
      "string_list_data": [
        {
          "href": "https://www.instagram.com/hhaggaaarr",
          "value": "hhaggaaarr",
          "timestamp": 1553725097
        }
      ]
    },
    {
      "title": "",
      "media_list_data": [
        
      ],
      "string_list_data": [
        {
          "href": "https://www.instagram.com/liz.j.w",
          "value": "liz.j.w",
          "timestamp": 1553725095
        }
      ]
    },
    {
      "title": "",
      "media_list_data": [
        
      ],
      "string_list_data": [
        {
          "href": "https://www.instagram.com/alextalyanskiy",
          "value": "alextalyanskiy",
          "timestamp": 1553725094
        }
      ]
    },
    {
      "title": "",
      "media_list_data": [
        
      ],
      "string_list_data": [
        {
          "href": "https://www.instagram.com/minhavidaisajoke",
          "value": "minhavidaisajoke",
          "timestamp": 1552164216
        }
      ]
    },
    {
      "title": "",
      "media_list_data": [
        
      ],
      "string_list_data": [
        {
          "href": "https://www.instagram.com/brooklyn.in.the.flesh",
          "value": "brooklyn.in.the.flesh",
          "timestamp": 1547330176
        }
      ]
    },
    {
      "title": "",
      "media_list_data": [
        
      ],
      "string_list_data": [
        {
          "href": "https://www.instagram.com/kylealex101",
          "value": "kylealex101",
          "timestamp": 1546792352
        }
      ]
    },
    {
      "title": "",
      "media_list_data": [
        
      ],
      "string_list_data": [
        {
          "href": "https://www.instagram.com/tessthehotmesss",
          "value": "tessthehotmesss",
          "timestamp": 1546792343
        }
      ]
    },
    {
      "title": "",
      "media_list_data": [
        
      ],
      "string_list_data": [
        {
          "href": "https://www.instagram.com/michae1robinson",
          "value": "michae1robinson",
          "timestamp": 1544156058
        }
      ]
    },
    {
      "title": "",
      "media_list_data": [
        
      ],
      "string_list_data": [
        {
          "href": "https://www.instagram.com/thegirlwiththeredragontattoo",
          "value": "thegirlwiththeredragontattoo",
          "timestamp": 1544156056
        }
      ]
    },
    {
      "title": "",
      "media_list_data": [
        
      ],
      "string_list_data": [
        {
          "href": "https://www.instagram.com/mattox74_",
          "value": "mattox74_",
          "timestamp": 1541591040
        }
      ]
    },
    {
      "title": "",
      "media_list_data": [
        
      ],
      "string_list_data": [
        {
          "href": "https://www.instagram.com/hello_yo_soy_",
          "value": "hello_yo_soy_",
          "timestamp": 1532375643
        }
      ]
    },
    {
      "title": "",
      "media_list_data": [
        
      ],
      "string_list_data": [
        {
          "href": "https://www.instagram.com/tatummurrayy",
          "value": "tatummurrayy",
          "timestamp": 1532375642
        }
      ]
    },
    {
      "title": "",
      "media_list_data": [
        
      ],
      "string_list_data": [
        {
          "href": "https://www.instagram.com/qrob_1",
          "value": "qrob_1",
          "timestamp": 1532375640
        }
      ]
    },
    {
      "title": "",
      "media_list_data": [
        
      ],
      "string_list_data": [
        {
          "href": "https://www.instagram.com/kf_horserider.dancer",
          "value": "kf_horserider.dancer",
          "timestamp": 1532375639
        }
      ]
    },
    {
      "title": "",
      "media_list_data": [
        
      ],
      "string_list_data": [
        {
          "href": "https://www.instagram.com/halfcabgav",
          "value": "halfcabgav",
          "timestamp": 1532375638
        }
      ]
    },
    {
      "title": "",
      "media_list_data": [
        
      ],
      "string_list_data": [
        {
          "href": "https://www.instagram.com/mandystowing",
          "value": "mandystowing",
          "timestamp": 1531707339
        }
      ]
    },
    {
      "title": "",
      "media_list_data": [
        
      ],
      "string_list_data": [
        {
          "href": "https://www.instagram.com/elleusa",
          "value": "elleusa",
          "timestamp": 1505909934
        }
      ]
    },
    {
      "title": "",
      "media_list_data": [
        
      ],
      "string_list_data": [
        {
          "href": "https://www.instagram.com/gal_gadot",
          "value": "gal_gadot",
          "timestamp": 1505909929
        }
      ]
    },
    {
      "title": "",
      "media_list_data": [
        
      ],
      "string_list_data": [
        {
          "href": "https://www.instagram.com/sierradallas",
          "value": "sierradallas",
          "timestamp": 1505909922
        }
      ]
    },
    {
      "title": "",
      "media_list_data": [
        
      ],
      "string_list_data": [
        {
          "href": "https://www.instagram.com/littlemix",
          "value": "littlemix",
          "timestamp": 1505909899
        }
      ]
    },
    {
      "title": "",
      "media_list_data": [
        
      ],
      "string_list_data": [
        {
          "href": "https://www.instagram.com/zachgarc1a",
          "value": "zachgarc1a",
          "timestamp": 1491348357
        }
      ]
    }
  ]
}